category,evaluators,image,name,pageurl,rating,updated
Livros e refer√™ncias,2.935.495 avalia√ß√µes,https://lh3.googleusercontent.com/FrOUuY5J05qkd4c7eiY7aGQXmKOygQazugAq0whFksQdq7qfEwjw2IaY_6J4ua49oFwA=s180,Livros Gratuitos - Wattpad,https://play.google.com/store/apps/details?id=wp.wattpad,"Avaliado com 4,6 de 5 estrelas",22 de agosto de 2018
Not√≠cias e revistas,3.813 avalia√ß√µes,https://lh3.googleusercontent.com/KWDGcBLhBvDxqed369EMLSPRZKnQhsYRGXJUp4UK7JijwFOhKhcd3LD6JCJUXQb8oNM=s180,FeedMe (RSS Reader | Podcast),https://play.google.com/store/apps/details?id=com.seazon.feedme,"Avaliado com 4,2 de 5 estrelas",14 de junho de 2018
Not√≠cias e revistas,36.585 avalia√ß√µes,https://lh3.googleusercontent.com/YyLrUIcW1Ev_yIiXIhj2sP_Yhc8Dcg8wdNeMt6OkFLLx1J_0oJ4sRYcmA1KgcoiCi51L=s180,Now for Reddit,https://play.google.com/store/apps/details?id=com.phyora.apps.reddit_now,"Avaliado com 4,4 de 5 estrelas",2 de julho de 2018
Educa√ß√£o,4.666 avalia√ß√µes,https://lh3.ggpht.com/4zpNsl6NDr4krD6dqggT5-WGsjkeZ0TKtgmFqtkgFYHcbM8U4VZNdsAwOLddSS43xS_Y=s180,Endless Reader,https://play.google.com/store/apps/details?id=com.originatorkids.EndlessReader,"Avaliado com 4,3 de 5 estrelas",19 de junho de 2018
Not√≠cias e revistas,35.005 avalia√ß√µes,https://lh3.googleusercontent.com/CCOrM4irTl5QRKlXbPRIM16HZu79iQfRGJALg2k9GMAkqgzxuvwbrjjmSyDjBkg4FEY=s180,Engadget,https://play.google.com/store/apps/details?id=com.aol.mobile.engadget,"Avaliado com 4,0 de 5 estrelas",11 de maio de 2018
Not√≠cias e revistas,103.159 avalia√ß√µes,https://lh3.googleusercontent.com/Lu7VjfNPK2vU6tf-56I4hbI9jk-Gasohko7pbnB-ReXFdwrGfs2s-5ht9pHnzrd5fg9T=s180,BaconReader for Reddit,https://play.google.com/store/apps/details?id=com.onelouder.baconreader,"Avaliado com 4,5 de 5 estrelas",2 de julho de 2018
Not√≠cias e revistas,7.889 avalia√ß√µes,https://lh3.ggpht.com/uQElx_kgheNkInfRZl6_iPZ34HLOpt1KMOiVWmcN_PZFRQ66Ug3vDaAS0eymjsok7g=s180,Instapaper,https://play.google.com/store/apps/details?id=com.instapaper.android,"Avaliado com 4,1 de 5 estrelas",10 de maio de 2018
Livros e refer√™ncias,24.857 avalia√ß√µes,https://lh3.googleusercontent.com/wrYQVCn7SuoCft4YWS-msmIbzo7N8Iv1OZExfpk1pAT7GkzvV2Ku-2XGl7R4rH8nyt0=s180,Free Books - Read & Listen,https://play.google.com/store/apps/details?id=com.spreadsong.freebooks,"Avaliado com 4,2 de 5 estrelas",16 de mar√ßo de 2018
Livros e refer√™ncias,26.866 avalia√ß√µes,https://lh3.googleusercontent.com/IyTxVVxZy2uygBRMrGIcX_awcTn2TYRLXGNZZ_kqooa9ESR4LuN0HPpuJFWJcF034eei=s180,leitor de ebook Pro,https://play.google.com/store/apps/details?id=yong.reader.pdf.xps.viewer,"Avaliado com 4,1 de 5 estrelas",29 de dezembro de 2017
Ferramentas,794 avalia√ß√µes,https://lh3.googleusercontent.com/bmxNqg9kBvG6d2-Sc9lByhn4jseXbedRW1voET3gOJyB1akjeNjqAxiW-uvOfRbu6OLP=s180,Secureweb Browser,https://play.google.com/store/apps/details?id=com.webroot.secureweb,"Avaliado com 4,1 de 5 estrelas",26 de junho de 2018
Livros e refer√™ncias,14.887 avalia√ß√µes,https://lh3.googleusercontent.com/8zOx_7IrKGg-j6DKIszjvpeYPCfTgCVhHOktrEA9oVpKZFDXlQZl6SclLoteRjl4yg=s180,Bookari Ebook Reader Free,https://play.google.com/store/apps/details?id=com.mantano.reader.android.lite,"Avaliado com 4,2 de 5 estrelas",14 de fevereiro de 2018
Livros e refer√™ncias,90.756 avalia√ß√µes,https://lh3.ggpht.com/RsR63rfgCqtLHLmWOYE9bUuHy-FBPc2CzkNal4vbj0aKiFkhB1Ov_sV8dM372KPlaJQ=s180,AlReader -any text book reader,https://play.google.com/store/apps/details?id=com.neverland.alreader,"Avaliado com 4,6 de 5 estrelas",27 de maio de 2018
Corporativo,307.787 avalia√ß√µes,https://lh3.ggpht.com/dQRDgj18XXi5RsbxkVDQy1bxjsuNFsD99gDu3D5pMZ_Y1ZFIVl_8F5RAOI9B5oo9_Q=s180,LinkedIn SlideShare,https://play.google.com/store/apps/details?id=net.slideshare.mobile,"Avaliado com 4,3 de 5 estrelas",8 de junho de 2018
Produtividade,57.547 avalia√ß√µes,https://lh3.googleusercontent.com/i9UQkjnPOPtxHSqRNwbZJHvt5tE-l7NLi5ppnsUEbPggoqT7XDJ4kKX-fz3qDS3gSm8=s180,NoteToDo. Notes. To do list,https://play.google.com/store/apps/details?id=com.lucky.notewidget,"Avaliado com 4,5 de 5 estrelas",23 de agosto de 2018
Produtividade,5.070 avalia√ß√µes,https://lh3.ggpht.com/hgMIJS2d3uYCzdLX1osl1yuUuF6d9J8eXB8HOzvH-YQ_s8lzQQ-WkBLp75_DCvjEgb4=s180,Melhor Nota Notepad,https://play.google.com/store/apps/details?id=ss.passion.emonote,"Avaliado com 4,3 de 5 estrelas",6 de janeiro de 2015
Produtividade,3.758 avalia√ß√µes,https://lh3.ggpht.com/zv44hyBVF74j-XwqNqTzyOhc7nJMMZvkMSTDHiykxwYLL1EEA3FXdpxlNOwWwu9w7A-F=s180,Basecamp 2,https://play.google.com/store/apps/details?id=com.basecamp.app,"Avaliado com 4,2 de 5 estrelas",12 de junho de 2018
Produtividade,56.941 avalia√ß√µes,https://lh3.googleusercontent.com/zC84UPVgvKojxahl4_ClDab-K0BNleDhzpPlf7vEy7HQRswIEDmG_lJ3lxqNwA77hQ=s180,Cozi Family Organizer,https://play.google.com/store/apps/details?id=com.cozi.androidfree,"Avaliado com 4,4 de 5 estrelas",5 de julho de 2018
Produtividade,72.671 avalia√ß√µes,https://lh3.googleusercontent.com/H8AWbBo3EIqF7RBWC27t4Kjz9SyBBNDa7tKPA0Y9XmWchxvznIavUHnJZmGWyBbtbBqg=s180,To Do Reminder with Alarm,https://play.google.com/store/apps/details?id=com.ToDoReminder.gen,"Avaliado com 4,4 de 5 estrelas",25 de agosto de 2018
Produtividade,700 avalia√ß√µes,https://lh3.googleusercontent.com/CTXf3Z08pjtz4cTgNC4Vpp4dJU_HyOQMfrqKZwOzHHssI_t2qhjcnBGudlx4eQ0Ly3k=s180,Twinkle for Emoji iKeyboard,https://play.google.com/store/apps/details?id=com.emoji.ikeyboard.theme.childhood,"Avaliado com 4,3 de 5 estrelas",18 de dezembro de 2015
Finan√ßas,5.252 avalia√ß√µes,https://lh3.googleusercontent.com/1e0XNc8Ty6HccTvvjIM9RN0rQqqPiFHTeRW1em-svEdnZPxlfSpoEHppDhQFUNOXV73s=s180,Receipts by Wave for business,https://play.google.com/store/apps/details?id=com.waveaccounting.receipts,"Avaliado com 4,1 de 5 estrelas",17 de agosto de 2018
Produtividade,176.424 avalia√ß√µes,https://lh3.ggpht.com/ByKP4vg15yxKUGrbuQtTCdDLpGE8_3Pjh1zyxP2mlrq2JZzPT73ZGvpgfuZTFlOIbIg=s180,Update for Old Versions,https://play.google.com/store/apps/details?id=cn.wps.moffice_i18n,"Avaliado com 4,2 de 5 estrelas",15 de agosto de 2018
Produtividade,86.192 avalia√ß√µes,https://lh3.googleusercontent.com/2ehO2aEYEeoYsM6Xv2Mib_7ud-eEXB8Z0RDTBfHVfFqU-aOqlJNbG7XLgEThibP1LA=s180,Gravador de Chamadas Autom√°tico S9,https://play.google.com/store/apps/details?id=com.smsrobot.callu,"Avaliado com 4,5 de 5 estrelas",13 de agosto de 2018
Social,5.633 avalia√ß√µes,https://lh3.googleusercontent.com/oQsouoG8hffAwrZbRSdFAarsWu8rI4FVMBJyDaNOBsJGHxiqNj64jMuuhMW8oz7afA=s180,SP Servi√ßos,https://play.google.com/store/apps/details?id=br.gov.sp.prodesp.spservicos,"Avaliado com 4,0 de 5 estrelas",28 de junho de 2018
Produtividade,145.448 avalia√ß√µes,https://lh3.googleusercontent.com/FFHtyz2_KwMP2DtEIW1w2__ZCdm1EkcbPYp89QhnMnp6ggOsCxKGDynhsUjmebXgRQ=s180,AutoCAD ‚Äì Editor de DWG,https://play.google.com/store/apps/details?id=com.autodesk.autocadws,"Avaliado com 4,2 de 5 estrelas",23 de julho de 2018
Ferramentas,6.584 avalia√ß√µes,https://lh3.googleusercontent.com/BLHFOfTmIgk_aob_m5IANbqPXcCWY42PTIUULxNSe93XR5bQvMgBCibnJVk8fdbTrQ=s180,Anatel Consumidor,https://play.google.com/store/apps/details?id=br.com.anatel.consumidor,"Avaliado com 3,7 de 5 estrelas",9 de agosto de 2018
Compras,30.728 avalia√ß√µes,https://lh3.googleusercontent.com/ZZrIKoMB3DRh4Vho5VCaBGPY4V7S1on5k0d-lhCXhlj1_GxjCt5rPA1nAGx09gqjOHM=s180,Rastreio Correios,https://play.google.com/store/apps/details?id=br.com.lardev.android.rastreiocorreios,"Avaliado com 4,5 de 5 estrelas",28 de novembro de 2017
Ferramentas,609.861 avalia√ß√µes,https://lh3.googleusercontent.com/syv-1o69XMQlTcKbmWhw6bActM_zuyD4UskZiZiuqE4gJ5ux6s7Eh1v_jB9YQTUPXgs=s180,Gerenciador de Arquivos ASTRO - File Manager ASTRO,https://play.google.com/store/apps/details?id=com.metago.astro,"Avaliado com 4,3 de 5 estrelas",2 de julho de 2018
Mapas e navega√ß√£o,69.785 avalia√ß√µes,https://lh3.googleusercontent.com/L7-FvM4jVE8vrG70Zvy5UNKDcH6bHTD7YFIR0y67ITxzL55MJfnoWN_5h9ctkQvobwg=s180,Trafi,https://play.google.com/store/apps/details?id=com.trafi.android.tr,"Avaliado com 4,3 de 5 estrelas",20 de agosto de 2018
Ferramentas,32.065 avalia√ß√µes,https://lh3.ggpht.com/JWT-66tA8AngI9DRz6HJLIL8KPCiTnxpNAQjX-V3Vqccl034x0BbxIui9KBUKYH5P6U=s180,SRO Mobile dos Correios,https://play.google.com/store/apps/details?id=br.com.correios.srocorreios,"Avaliado com 4,2 de 5 estrelas",11 de julho de 2015
Ferramentas,39.870 avalia√ß√µes,https://lh3.ggpht.com/o9NHlhFSnFeubJdmmkoAdAC95r7Rd99pup5cAnaDFV-oppSPteabS_nrm7SULelr53A=s180,Detran.SP,https://play.google.com/store/apps/details?id=br.gov.sp.detran.consultas,"Avaliado com 4,4 de 5 estrelas",5 de julho de 2018
Mapas e navega√ß√£o,624.389 avalia√ß√µes,https://lh3.googleusercontent.com/hkSscQMemCjZXaVgTc7fqowrbdV5PxfZzrA1kjMusv9_EPv5_H5cO_zV_-ryiekBt2FK=s180,"Moovit: Metro, √înibus e Trens",https://play.google.com/store/apps/details?id=com.tranzmate,"Avaliado com 4,4 de 5 estrelas",21 de agosto de 2018
Ferramentas,138.765 avalia√ß√µes,https://lh3.ggpht.com/Mdo7icybmjApb9kqy2DGePWAGLdB3riJA5vUtQmATVCz5rdscFDyfzNq_2HynFCwbHiA=s180,Sinesp Cidad√£o,https://play.google.com/store/apps/details?id=br.gov.sinesp.cidadao.android,"Avaliado com 4,4 de 5 estrelas",2 de julho de 2018
Corporativo,29.169 avalia√ß√µes,https://lh3.googleusercontent.com/1AnPiQ_CMBzFWwwBg78urMbd2LzHIT6isByGNkj4i2pNSeAyV6gh2reksEuzNdzb3Q=s180,PrinterShare - chave superior,https://play.google.com/store/apps/details?id=com.dynamixsoftware.printershare.premium,"Avaliado com 4,6 de 5 estrelas",Conte√∫do aceito. 
Corporativo,78.640 avalia√ß√µes,https://lh3.googleusercontent.com/U09z1Hy6BXvB1twgeYSr-OO2_AoiCo-SCWF3qVwcJtPoz2NkQGYk1mSA9AaMVAf3z5k=s180,Skype for Business for Android,https://play.google.com/store/apps/details?id=com.microsoft.office.lync15,"Avaliado com 3,9 de 5 estrelas",6 de agosto de 2018
Corporativo,11.551 avalia√ß√µes,https://lh3.googleusercontent.com/2dA33Hut771GFAqcGaHup_59Mx1bmf9Xxiqo41SmCkkcAhYnsV3tfQR1aoi_ar3cKg=s180,TurboScan: digitalize documentos e faturas em PDF,https://play.google.com/store/apps/details?id=com.piksoft.turboscan,"Avaliado com 4,7 de 5 estrelas",Conte√∫do aceito se adquirido ap√≥s 2 de julho de 2016. 
Corporativo,1.027 avalia√ß√µes,https://lh3.ggpht.com/aCDvxqEVFMrkxtWG-mOcaTZd27RIW213cxRQFq9wHB65h4F2HKH3C_i7BYpdR1ugYp0=s180,DroidAIMS PRO,https://play.google.com/store/apps/details?id=com.chw.DroidAIMSpro,"Avaliado com 3,9 de 5 estrelas",Conte√∫do aceito se adquirido ap√≥s 2 de julho de 2016. 
Corporativo,5.616 avalia√ß√µes,https://lh3.ggpht.com/_9wuFZTpjMSgw1XXzIfrkUKhJS5huShK1QMaBBGXYWSIra7iQdNs_vh2MFHIsa8rlw=s180,Office Remote for Android,https://play.google.com/store/apps/details?id=com.microsoft.office.officeremote,"Avaliado com 4,2 de 5 estrelas",9 de abril de 2015
Corporativo,47.334 avalia√ß√µes,https://lh3.ggpht.com/H_SXO7ub2ZHvyKLWNOhgsoF5yxY8oLdnzXIIEghHT8DrY9wx95aaGhEdbTHDPHgWB7s=s180,Yammer,https://play.google.com/store/apps/details?id=com.yammer.v1,"Avaliado com 4,2 de 5 estrelas",23 de agosto de 2018
Corporativo,61.997 avalia√ß√µes,https://lh3.googleusercontent.com/dovBChfktu79nG5AiqWrqRScCSncVre78x6xzOswcsV88mx4h1PkrU1fc1RKDhc5jPON=s180,FX File Explorer,https://play.google.com/store/apps/details?id=nextapp.fx,"Avaliado com 4,4 de 5 estrelas",7 de julho de 2018
Corporativo,16.477 avalia√ß√µes,https://lh3.googleusercontent.com/JEnk4XiZruODop4xTUiU_0t-po-cMO-D5KS5f1TN1chAm4ikbjqvZXBIk5ITXH_IgIws=s180,Faturas com o Invoice2go,https://play.google.com/store/apps/details?id=com.invoice2go.invoice2goplus,"Avaliado com 4,2 de 5 estrelas",1 de agosto de 2018
Corporativo,5.383 avalia√ß√µes,https://lh3.ggpht.com/Go0xtx-2FOpmN6s55060j7KO8M9DIFAJKOvRt-0tRLfQKq4NP0EsxHAh3uzGtEmNsFak=s180,Jet Scanner Lite. Scan to PDF,https://play.google.com/store/apps/details?id=com.stoik.jetscanlite,"Avaliado com 4,2 de 5 estrelas",10 de mar√ßo de 2016
Corporativo,43.605 avalia√ß√µes,https://lh3.ggpht.com/p9bRiKFgMPoWyHmAPuZoDlhCgctCxo8vPQOxVRiT5HqFnqHVEWzxjUrwo93LnZkYmNM=s180,Ocultar Fotos & Videos,https://play.google.com/store/apps/details?id=com.smsrobot.photox,"Avaliado com 4,4 de 5 estrelas",18 de agosto de 2018
Corporativo,5.481 avalia√ß√µes,https://lh3.googleusercontent.com/8CehqgRtDs-aFOq1YGb_ujimwvkDvt8JalawTzVDEscdNzOIg8AXYqxOn4v9DQqcUZik=s180,"MailChimp - Email, Marketing Automation",https://play.google.com/store/apps/details?id=com.mailchimp.mailchimp,"Avaliado com 4,1 de 5 estrelas",25 de julho de 2018
Produtividade,8.380 avalia√ß√µes,https://lh3.googleusercontent.com/XxgKNDsTYLyd1mOW2GVNG8ySNr0LKTgbgFEI5q6RircDCX8UCojtIIkIFg0BPQJwvnI=s180,Quip,https://play.google.com/store/apps/details?id=com.quip.quip,"Avaliado com 4,2 de 5 estrelas",21 de agosto de 2018
Comunica√ß√£o,48.043 avalia√ß√µes,https://lh3.ggpht.com/8HJdKfUfC9T0F7q1PhVNS7n2OUtD0W8b5CD7icmrDRh4j7PzFy3_ROxqShZjfAt2NWOD=s180,JuiceSSH - SSH Client,https://play.google.com/store/apps/details?id=com.sonelli.juicessh,"Avaliado com 4,7 de 5 estrelas",6 de julho de 2017
Comunica√ß√£o,30.395 avalia√ß√µes,https://lh3.googleusercontent.com/Vd5EXVqmcTHXhvtTDMl3pScisGcIux2ildcAvsotCAgWiUcKqS5OeueZkiq6gqFX95g=s180,MailDroid - Free Email Application,https://play.google.com/store/apps/details?id=com.maildroid,"Avaliado com 4,2 de 5 estrelas",24 de maio de 2018
Produtividade,32.426 avalia√ß√µes,https://lh3.googleusercontent.com/-Q23xRNV0bviUBQrQGLfqBmky3pOy0LtUuL78X_H7EBWk9OslEwPYBRC9gUwVW03Zn52=s180,VNC Viewer - Remote Desktop,https://play.google.com/store/apps/details?id=com.realvnc.viewer.android,"Avaliado com 4,5 de 5 estrelas",29 de agosto de 2017
Finan√ßas,10.827 avalia√ß√µes,https://lh3.googleusercontent.com/R31WEz62Da5VjkDk6zn3TPSRXeEP0l8maEOFlmhfyYcb-yqshjwrYiKsJuuCyTND_zE=s180,Expensify - Expense Reports,https://play.google.com/store/apps/details?id=org.me.mobiexpensifyg,"Avaliado com 4,1 de 5 estrelas",15 de agosto de 2018
Produtividade,4.607 avalia√ß√µes,https://lh3.googleusercontent.com/CBVY4RlMKn5EWmoeIjHxGLAPqTEMHr3P2OxHt37SIYvCgZ1eqsFOFlX0o157BTMJTAs=s180,Carteiro üì¶ Rastreio Correios,https://play.google.com/store/apps/details?id=com.rbardini.carteiro,"Avaliado com 4,6 de 5 estrelas",1 de agosto de 2018
Comunica√ß√£o,122.612 avalia√ß√µes,https://lh3.googleusercontent.com/SCQT5j5IaPIJCtaC8sSZ-ZY4S9v1ZpZRP-XNbirk03FGW9bELbdFkPPpGlBcc4Vsplk=s180,Newton Mail - Email & Calendar,https://play.google.com/store/apps/details?id=com.cloudmagic.mail,"Avaliado com 4,0 de 5 estrelas",19 de julho de 2018
Produtividade,283.916 avalia√ß√µes,https://lh3.ggpht.com/IOAolyiGssaiu7zU7RDqoamzRzsugMaCGCDj8RteqmU3MCvp1Bel_rZVCWc0uxY3lRsP=s180,Google Cloud Print,https://play.google.com/store/apps/details?id=com.google.android.apps.cloudprint,"Avaliado com 4,1 de 5 estrelas",23 de maio de 2018
Comunica√ß√£o,4.629.586 avalia√ß√µes,https://lh3.ggpht.com/8-N_qLXgV-eNDQINqTR-Pzu5Y8DuH0Xjz53zoWq_IcBNpcxDL_gK4uS_MvXH00yN6nd4=s180,Gmail,https://play.google.com/store/apps/details?id=com.google.android.gm,"Avaliado com 4,3 de 5 estrelas",22 de agosto de 2018
Produtividade,220.872 avalia√ß√µes,https://lh3.googleusercontent.com/oZLEuL1rFphWyLdjWfvHHJ5r-NACZgU6-K1ueBooi8gecYUTa0hMyTwEgWsqxxtqcSw=s180,Lixeira Dumpster,https://play.google.com/store/apps/details?id=com.baloota.dumpster,"Avaliado com 4,2 de 5 estrelas",26 de agosto de 2018
Produtividade,521.716 avalia√ß√µes,https://lh3.googleusercontent.com/8gaHsZqGOloJsC4XOvmIiuQVGEgaRGd1sslFpD44OPkIb0jhbR3ySx2tN5-ZxW4DMBU=s180,TeamViewer para Remote Control,https://play.google.com/store/apps/details?id=com.teamviewer.teamviewer.market.mobile,"Avaliado com 4,5 de 5 estrelas",2 de agosto de 2018
Produtividade,397.377 avalia√ß√µes,https://lh3.ggpht.com/doFtR_H-dXJH0Mnm0zVchxrv0cWBy3O46_lWVYOnhY1M-cid2Tb7fX1FXPTyxx1BT24=s180,Inbox by Gmail,https://play.google.com/store/apps/details?id=com.google.android.apps.inbox,"Avaliado com 4,2 de 5 estrelas",16 de agosto de 2018
Produtividade,3.279.588 avalia√ß√µes,https://lh3.googleusercontent.com/_gpQ5T1jLbbpyoaDHgYoJV_seHudPYAqfYe7me5MApKMYUuY91E_h6y3Jy_Cxe8OO8E=s180,Microsoft Outlook,https://play.google.com/store/apps/details?id=com.microsoft.office.outlook,"Avaliado com 4,3 de 5 estrelas",24 de agosto de 2018
Corporativo,7.192 avalia√ß√µes,https://lh3.ggpht.com/fxvbsUQAYKGqWIMhRQ4eMS1a_qAkDO7InyhiQOoai5GBQOUV--Epqjh0qCXfi4EdrzA=s180,AdWords Express,https://play.google.com/store/apps/details?id=com.google.android.apps.ads.express,"Avaliado com 4,1 de 5 estrelas",20 de agosto de 2018
Corporativo,23.411 avalia√ß√µes,https://lh3.googleusercontent.com/TEGJYyDRm5TnpEjHeu61mnRUsSidnDIp_qnrSRe2gKPdTIJdg0c5k2qxj1Eh6KcPMA=s180,QuickBooks Online - Controle Financeiro Empresas,https://play.google.com/store/apps/details?id=com.intuit.quickbooks,"Avaliado com 4,3 de 5 estrelas",14 de agosto de 2018
Corporativo,15.147 avalia√ß√µes,https://lh3.googleusercontent.com/YtXTsa-6SaaMl02-OUo8iRztlX5Thu4aCLavunIV1M5hm9y4ySTPpMjpY44fL4ayz7Se=s180,FedEx,https://play.google.com/store/apps/details?id=com.fedex.ida.android,"Avaliado com 3,9 de 5 estrelas",22 de agosto de 2018
Corporativo,2.196 avalia√ß√µes,https://lh3.googleusercontent.com/g9X6Lp-f6D1L2RA-zfXDzqzat06TLpsjC3vyybU9JE9eFoGnu79jaCJiJ8FcsM3DCPs=s180,Base CRM and Sales Tracker,https://play.google.com/store/apps/details?id=com.futuresimple.base,"Avaliado com 4,3 de 5 estrelas",24 de agosto de 2018
Corporativo,1.558 avalia√ß√µes,https://lh3.ggpht.com/X-MWTSw7WcGj5w0jW56cNimKQkHp8lVyjPt2GQvrtiRU-3u0wi-XuFA8a6zQluWu3Uc=s180,Splashtop Business - Remote PC,https://play.google.com/store/apps/details?id=com.splashtop.remote.business,"Avaliado com 4,4 de 5 estrelas",23 de mar√ßo de 2018
Corporativo,50.468 avalia√ß√µes,https://lh3.ggpht.com/p-SI-FKdXrZ33jpaF08K8sG9QiQVYCsqggS8LyjLSsUS7Fy9YqUeegt0WwRPd4ccfsA=s180,SAP Concur,https://play.google.com/store/apps/details?id=com.concur.breeze,"Avaliado com 4,4 de 5 estrelas",7 de agosto de 2018
Ferramentas,888 avalia√ß√µes,https://lh3.googleusercontent.com/rhCkRki6X8VgApx3hC2TmoAzX437YtbUj3f8jp_-WD16FXxDU2bbJbMYz7RCmO6k-mk=s180,editor de Texto(Text Editor),https://play.google.com/store/apps/details?id=com.swt.textviewer,"Avaliado com 4,0 de 5 estrelas",27 de abril de 2015
Produtividade,3.841 avalia√ß√µes,https://lh3.ggpht.com/O7_xOajvxy8jiDVDrQDtDdPMFb5Vh4YmJKULiZw9iKkoRJw39vFJRq0YlohvAU0UwA=s180,Better Open With,https://play.google.com/store/apps/details?id=com.aboutmycode.betteropenwith,"Avaliado com 4,3 de 5 estrelas",6 de junho de 2018
Produtividade,3.402 avalia√ß√µes,https://lh3.googleusercontent.com/H0kNZbxLRanyXb1wv8KULSxdo1ECZRBFgyn-KEtJd3jM2MbLzoEUdMuC-JkmMjt7UWTx=s180,Smartsheet,https://play.google.com/store/apps/details?id=com.smartsheet.android,"Avaliado com 4,3 de 5 estrelas",20 de agosto de 2018
Produtividade,2.265 avalia√ß√µes,https://lh3.ggpht.com/C4o9tDEKwGF4uPfFdHFu7KF3wr9CAUDjaM1w_cUomptEjQRH-5zZ0thOka8ux_1VvKY=s180,AndroSearch -Arquivos Contatos,https://play.google.com/store/apps/details?id=com.chocosoft.as,"Avaliado com 4,5 de 5 estrelas",2 de abril de 2017
Produtividade,14.457 avalia√ß√µes,https://lh3.googleusercontent.com/U0LtTm6gPSA8_kgiXlT5f2c-P4wqqGPM4Uder5utSsYVaddSelORb6TPxcjzZ4SrdA=s180,Docufy - App Scanner de Documentos,https://play.google.com/store/apps/details?id=com.softxpert.sds,"Avaliado com 4,2 de 5 estrelas",18 de abril de 2018
Produtividade,6.233 avalia√ß√µes,https://lh3.googleusercontent.com/cRdsCKbGGMOpBZU6x0-SligwrJqk1rBfgp-0d8ZPR0OLtKeYvI013DREn0zn_0x4dOk=s180,U Scanner ‚Äì Free Mobile Photo to PDF Scanner,https://play.google.com/store/apps/details?id=com.cyberlink.yousnap,"Avaliado com 4,2 de 5 estrelas",25 de maio de 2018
Produtividade,76.127 avalia√ß√µes,https://lh3.ggpht.com/0sMISUkRjj1eqrrCKp8st70aUnthAcgVeMvGfy-Wzrq6u7ZTkL4eSl-WatRV-4MSQfw=s180,EBookDroid - PDF & DJVU Reader,https://play.google.com/store/apps/details?id=org.ebookdroid,"Avaliado com 4,5 de 5 estrelas",8 de julho de 2018
Produtividade,35.148 avalia√ß√µes,https://lh3.googleusercontent.com/isWz3wZpeDp2Ntag5iN2bKobw-csVYxaaCRsVP54WAnTmX8h_2La1JzU3jNdAbLNrg=s180,Scanbot | Scanner em PDF,https://play.google.com/store/apps/details?id=net.doo.snap,"Avaliado com 4,2 de 5 estrelas",1 de junho de 2018
Produtividade,14.092 avalia√ß√µes,https://lh3.googleusercontent.com/xD2f_FB8XIif921l5frWP3UVGoUZdw2kp81XWrOKeVNs5AqBEDEjnaDTiIlHd6gYXQ=s180,QuickEdit - Editor de Texto,https://play.google.com/store/apps/details?id=com.rhmsoft.edit,"Avaliado com 4,5 de 5 estrelas",18 de agosto de 2018
Produtividade,11.556 avalia√ß√µes,https://lh3.googleusercontent.com/-3SzcGUaFr5k7NVC1q2Xu0S0ziSDf1oB__8OSwwtadU18_B8Zf6HIBgsPJ3IS6Jy44I=s180,Adobe Fill & Sign: Preenchedor de form. PDF f√°cil,https://play.google.com/store/apps/details?id=com.adobe.fas,"Avaliado com 4,3 de 5 estrelas",7 de novembro de 2017
Produtividade,31.407 avalia√ß√µes,https://lh3.ggpht.com/4pMqZGmYVpZJY0_ggoKrwZYM86iZhdgv9LNWQMTOCXv2oy0ef7HEdU1ndHmB_A6GFF4=s180,DocuSign,https://play.google.com/store/apps/details?id=com.docusign.ink,"Avaliado com 4,5 de 5 estrelas",26 de julho de 2018
Produtividade,58.998 avalia√ß√µes,https://lh3.googleusercontent.com/XEM6LRQnvfgqeHwhVJ6dvDaPZYmLKUTWKAlxbQdqDd0qOJkbXj613y2thCulHIWvKP-i=s180,JotterPad - Editor para Escrita Criativa,https://play.google.com/store/apps/details?id=com.jotterpad.x,"Avaliado com 4,6 de 5 estrelas",1 de julho de 2018
Produtividade,82.130 avalia√ß√µes,https://lh3.googleusercontent.com/J1XbwPab3TgADpTUT_LK8SuTb77p07FAhzcA-Wnt9Xzb69c_wGvj2WlzCXcn2_PRow=s180,Foxit MobilePDF  - PDF Reader Editor,https://play.google.com/store/apps/details?id=com.foxit.mobile.pdf.lite,"Avaliado com 4,5 de 5 estrelas",6 de julho de 2018
Produtividade,15.751 avalia√ß√µes,https://lh3.ggpht.com/g2a7VMDYz0WNIwVByyAY4vBy6GEoPcz64eXuHCLSVbyJo_IS7e8T3o5Myc7Iu50zLijL=s180,DroidEdit Free (editor c√≥digo),https://play.google.com/store/apps/details?id=com.aor.droidedit,"Avaliado com 4,1 de 5 estrelas",30 de setembro de 2017
Livros e refer√™ncias,61.977 avalia√ß√µes,https://lh3.ggpht.com/LP6ZbrckzcFBlPuH-CEkAWXgh8StKg-3M-a-bPB8Lo2KITpDP6VBahC7MSbD9Vx4VKU=s180,@Voice leia em voz alta,https://play.google.com/store/apps/details?id=com.hyperionics.avar,"Avaliado com 4,4 de 5 estrelas",26 de agosto de 2018
Produtividade,41.373 avalia√ß√µes,https://lh3.googleusercontent.com/o7XCAUfiRLeJFS6ChT9IXjss6_zpmcve_E1thrlkB7Cy5t4gYDnyt5AtLri70kJUR4i2=s180,Samsung Mobile Print,https://play.google.com/store/apps/details?id=com.sec.print.mobileprint,"Avaliado com 4,0 de 5 estrelas",15 de dezembro de 2017
Produtividade,105.468 avalia√ß√µes,https://lh3.googleusercontent.com/Lw2RfArjFlT8SR8j15uTmP-SlbJvQRFMLPYcZa_eqpxBOCXg8zHmKLEEgAWPFm70WUE=s180,Librera -Leitor de livros de todos os formatos PDF,https://play.google.com/store/apps/details?id=com.foobnix.pdf.reader,"Avaliado com 4,0 de 5 estrelas",15 de agosto de 2018
Produtividade,139.871 avalia√ß√µes,https://lh3.googleusercontent.com/rD9ugZrgxKQCs0UXLbT6MiWpTJk-RBXhQF24GOGI1T-n6e48GE30P6Auw9oYIG0LDQ=s180,Leitor e Editor de PDF Xodo,https://play.google.com/store/apps/details?id=com.xodo.pdf.reader,"Avaliado com 4,7 de 5 estrelas",4 de agosto de 2018
Produtividade,40.446 avalia√ß√µes,https://lh3.googleusercontent.com/aFQ6NBKu1HwfPAiKxnRY6LjllX08U0apG6BPuDixaYLCaTMbnvuPxHRqmK-fokmpLOR7=s180,PDF Viewer e Leitor,https://play.google.com/store/apps/details?id=the.pdfviewer3,"Avaliado com 4,1 de 5 estrelas",6 de fevereiro de 2018
Produtividade,551.554 avalia√ß√µes,https://lh3.googleusercontent.com/oGjiQH9Lc_LlIUHXHChiAWQD688nHRak1e0e87xRrzVhbGDphdPw6w0ERx_pJLJsF1c=s180,"Polaris Office - Word, Docs, Sheets, Slide, PDF",https://play.google.com/store/apps/details?id=com.infraware.office.link,"Avaliado com 4,3 de 5 estrelas",23 de agosto de 2018
Produtividade,487.053 avalia√ß√µes,https://lh3.googleusercontent.com/JYk-zTlx8PYPNaoV4wx3Z5JlkrleNKU57S_ho-bQcQi8tdAVQzk4fufcPobAOsMRo9c=s180,Microsoft OneNote,https://play.google.com/store/apps/details?id=com.microsoft.office.onenote,"Avaliado com 4,4 de 5 estrelas",22 de agosto de 2018
Produtividade,2.755.216 avalia√ß√µes,https://lh3.ggpht.com/k7Z4J1IIXXJnC2NRnFfJNlkn7kZge4Zx-Yv5uqYf4222tx74wXDzW24OvOxlcpw0KcQ=s180,Google Drive,https://play.google.com/store/apps/details?id=com.google.android.apps.docs,"Avaliado com 4,4 de 5 estrelas",22 de agosto de 2018
Produtividade,246.259 avalia√ß√µes,https://lh3.ggpht.com/9rwhkrvgiLhXVBeKtScn1jlenYk-4k3Wyqt1PsbUr9jhGew0Gt1w9xbwO4oePPd5yOM=s180,Apresenta√ß√µes Google,https://play.google.com/store/apps/details?id=com.google.android.apps.docs.editors.slides,"Avaliado com 4,2 de 5 estrelas",20 de agosto de 2018
Produtividade,227.813 avalia√ß√µes,https://lh3.ggpht.com/u9ofV9e2diX3giScuXT46B4A0vxFw8tj5NzHQJVAqAKwL5b_o8CHnO-qiZZIZYHlTg=s180,Google PDF Viewer,https://play.google.com/store/apps/details?id=com.google.android.apps.pdfviewer,"Avaliado com 4,2 de 5 estrelas",9 de outubro de 2017
Produtividade,1.516.907 avalia√ß√µes,https://lh3.googleusercontent.com/l6I2FkMDOBNiAy5RxLuV1FU1rLsyiH6HJtgny2gJUZXPWKi2gr7coWgiQLTCcxpwxA_I=s180,"WPS Office - Word, Docs, PDF, Note, Slide & Sheet",https://play.google.com/store/apps/details?id=cn.wps.moffice_eng,"Avaliado com 4,5 de 5 estrelas",13 de agosto de 2018
Produtividade,1.049.268 avalia√ß√µes,https://lh3.googleusercontent.com/fvcvos7yoV2ARXkiudyQlKEL8Hohf_o2juAu_fuY8KLmp5GMbdE4CISdRFGsWRE4PyU=s180,Microsoft OneDrive,https://play.google.com/store/apps/details?id=com.microsoft.skydrive,"Avaliado com 4,4 de 5 estrelas",23 de agosto de 2018
Produtividade,631.690 avalia√ß√µes,https://lh3.ggpht.com/2T6WgtnsITUqVRZe-PmK_eopjqd_TjdbP7YhjIakzPgMuWoXDKLaZ-RCRK-6Hg7rWQ=s180,Microsoft PowerPoint,https://play.google.com/store/apps/details?id=com.microsoft.office.powerpoint,"Avaliado com 4,5 de 5 estrelas",23 de agosto de 2018
Produtividade,501.097 avalia√ß√µes,https://lh3.ggpht.com/e3oZddUHSC6EcnxC80rl_6HbY94sM63dn6KrEXJ-C4GIUN-t1XM0uYA_WUwyhbIHmVMH=s180,Planilhas Google,https://play.google.com/store/apps/details?id=com.google.android.apps.docs.editors.sheets,"Avaliado com 4,3 de 5 estrelas",20 de agosto de 2018
Produtividade,823.599 avalia√ß√µes,https://lh3.ggpht.com/-wROmWQVYTcjs3G6H0lYkBK2nPGYsY75Ik2IXTmOO2Oo0SMgbDtnF0eqz-BRR1hRQg=s180,Documentos Google,https://play.google.com/store/apps/details?id=com.google.android.apps.docs.editors.docs,"Avaliado com 4,3 de 5 estrelas",20 de agosto de 2018
Produtividade,291.371 avalia√ß√µes,https://lh3.ggpht.com/0--fb3LXLbWwPePSTfRDaabQsOa82ea4xL4_sJvJSC0fr1pWPg7znVrItS-GHJgNL3Q=s180,Microsoft Office Lens - PDF Scanner,https://play.google.com/store/apps/details?id=com.microsoft.office.officelens,"Avaliado com 4,7 de 5 estrelas",25 de agosto de 2018
Produtividade,2.128.092 avalia√ß√µes,https://lh3.ggpht.com/j6aNgkpGRXp9PEinADFoSkyfup46-6Rb83bS41lfQC_Tc2qg96zQ_aqZcyiaV3M-Ai4=s180,Microsoft Word,https://play.google.com/store/apps/details?id=com.microsoft.office.word,"Avaliado com 4,5 de 5 estrelas",23 de agosto de 2018
Produtividade,1.102.934 avalia√ß√µes,https://lh3.ggpht.com/GkNfqm17WFuzaIR87_oz690ErF63hL08Ngj73QtDxyWlCOF80d2gWd2GHrPLJJ-YmHYS=s180,Microsoft Excel,https://play.google.com/store/apps/details?id=com.microsoft.office.excel,"Avaliado com 4,5 de 5 estrelas",23 de agosto de 2018
Corporativo,77.167 avalia√ß√µes,https://lh3.googleusercontent.com/e0S_Sur6t2cBtHFX9e6DIxBU8ofokm8UOnRw0muGRPtRP9ccUw3RyUQi6jfp0lrK1g=s180,OfficeSuite Pro + PDF,https://play.google.com/store/apps/details?id=com.mobisystems.editor.office_registered,"Avaliado com 4,4 de 5 estrelas",Conte√∫do aceito se adquirido ap√≥s 2 de julho de 2016. 
Corporativo,54.951 avalia√ß√µes,https://lh3.googleusercontent.com/bwQ48AkdXMGAzfhVEglPE48aLIUGhm1tt0Wf6JYdAkrcNL9C6mRhyDwtDuuAxwLdVAQ=s180,PDF Reader - Scan„ÄÅEdit & Share,https://play.google.com/store/apps/details?id=com.kdanmobile.android.pdfreader.google.pad,"Avaliado com 4,3 de 5 estrelas",20 de agosto de 2018
Produtividade,3.029.522 avalia√ß√µes,https://lh3.googleusercontent.com/k1vNtKXtkYmzT1YqEoJBF9-y8oiv7kCp3ldiwxgyNBlWCTgkUjElZCTG9S_8ClcFAN8R=s180,Adobe Acrobat Reader,https://play.google.com/store/apps/details?id=com.adobe.reader,"Avaliado com 4,3 de 5 estrelas",17 de abril de 2018
Corporativo,3.358 avalia√ß√µes,https://lh3.ggpht.com/FJMZ6aQ2I_-ga4rPv8pTZSLPvazPLdzmnTPubza0-jwz10I_zV-t4YVOIyNbkmq9Few=s180,FREE Office: TextMaker Mobile,https://play.google.com/store/apps/details?id=softmaker.applications.textmakertrial,"Avaliado com 4,1 de 5 estrelas",23 de mar√ßo de 2016
Corporativo,40.485 avalia√ß√µes,https://lh3.ggpht.com/PiKDMKR4ImmOMtQuWeTzAV4Ud3sxjCB9jMJExY9J1PiciAgWMsirrhl3QTXUvPBfrg=s180,Digitaliza√ß√£o de documentos OCR ‚ÄìPrime PDF Scanner,https://play.google.com/store/apps/details?id=com.grymala.photoscannerpdftrial,"Avaliado com 4,2 de 5 estrelas",13 de agosto de 2018
Corporativo,2.633 avalia√ß√µes,https://lh3.ggpht.com/GRQrc74XuA8YGnfEZtgQDUn4ci4fMIzogvulayu6101uOgw8Ypu7G8d50MR39LIHMQ=s180,FREE Office: PlanMaker Mobile,https://play.google.com/store/apps/details?id=softmaker.applications.planmakertrial,"Avaliado com 4,2 de 5 estrelas",23 de mar√ßo de 2016
Comer e beber,22.290 avalia√ß√µes,https://lh3.ggpht.com/HdW_8yt4Suvb23Nl9iQxL10YxmyPfx2hjuKO5xIGr9NAl4mjcgpaAOXL31rKywl6Zg=s180,My CookBook (Minhas Receitas),https://play.google.com/store/apps/details?id=fr.cookbook,"Avaliado com 4,5 de 5 estrelas",29 de junho de 2018
Produtividade,43.801 avalia√ß√µes,https://lh3.ggpht.com/xmnal18taauP2mjQFEhr1PhcItQ_W32IRuaD86IoL2U_4E-mfeKiliKtkISgOuA6Ln9n=s180,Remember The Milk,https://play.google.com/store/apps/details?id=com.rememberthemilk.MobileRTM,"Avaliado com 4,4 de 5 estrelas",27 de maio de 2018
Turismo e local,49.399 avalia√ß√µes,https://lh3.googleusercontent.com/vCMULTXMbe7j7ud5qRkQutAxrbAVXgjhqotEus9otkeE6olF4Cjl53_FWeceL2J6mtE=s180,TripIt: Travel Organizer,https://play.google.com/store/apps/details?id=com.tripit,"Avaliado com 4,4 de 5 estrelas",2 de agosto de 2018
Produtividade,23.429 avalia√ß√µes,https://lh3.googleusercontent.com/yZKW6isAd4Af0gMl_VqBkC6FrD7K96_r8eGH9EnjOosxXlqJCE1J38Y-hvETYlqgeKg=s180,Time Recording - Timesheet App,https://play.google.com/store/apps/details?id=com.dynamicg.timerecording,"Avaliado com 4,6 de 5 estrelas",12 de julho de 2018
Comer e beber,133.386 avalia√ß√µes,https://lh3.googleusercontent.com/EKKI-Yd_7nQHMfEo9o4sTnUG9Uv-AGuHF2j3exarqQcg8xYyHg4eCCOY2Jw3SvY9ekI=s180,Cookpad - Receitas Caseiras,https://play.google.com/store/apps/details?id=com.mufumbo.android.recipe.search,"Avaliado com 4,5 de 5 estrelas",24 de agosto de 2018
Produtividade,74.308 avalia√ß√µes,https://lh3.googleusercontent.com/Gc2EjkXxlAakUmkgD8obYOTCvhjSp7sZxTJHdH2_m75nJSy4-jttIZICi2tp7KDQhg=s180,Gerenciador de senhas do Dashlane Free,https://play.google.com/store/apps/details?id=com.dashlane,"Avaliado com 4,6 de 5 estrelas",22 de agosto de 2018
Produtividade,21.513 avalia√ß√µes,https://lh3.googleusercontent.com/vBUTKVEzjRSckE2z3LrKcsI44vtO1TqIDhzs73BmWtI35Qx6A2MMCUsdsirp9Xs6F50=s180,Sticky Note + : Sync Notes,https://play.google.com/store/apps/details?id=com.cg.stickynote,"Avaliado com 4,2 de 5 estrelas",18 de agosto de 2018
Produtividade,37.422 avalia√ß√µes,https://lh3.googleusercontent.com/OXULwoORnhjz-rO6qG9TECu6luw6_LWrBXY3ffZcGONZIZuMaCzK81tcP24CPhndNl0=s180,Squid - Take Notes & Markup PDFs,https://play.google.com/store/apps/details?id=com.steadfastinnovation.android.projectpapyrus,"Avaliado com 4,2 de 5 estrelas",21 de julho de 2018
Produtividade,2.368 avalia√ß√µes,https://lh3.ggpht.com/-X3c0hHXNxNH1qhCuGVlteIpFb6QC23VYcieUwjQsUzyUYwri71CITkwzi2-FJ26-Y8=s180,Calend√°rio Moniusoft,https://play.google.com/store/apps/details?id=pl.moniusoft.calendar,"Avaliado com 4,1 de 5 estrelas",18 de agosto de 2018
Produtividade,13.315 avalia√ß√µes,https://lh3.ggpht.com/WyaRA-JRAEQDvkt1HNTzZ9KMC4MBpH9Wc78zi36aeDC0RMrXh7oQGte9rny-z_-Uqw=s180,MobisleNotes - Bloco de Notas,https://play.google.com/store/apps/details?id=mobisle.mobisleNotesADC,"Avaliado com 4,3 de 5 estrelas",4 de abril de 2016
Produtividade,75.211 avalia√ß√µes,https://lh3.googleusercontent.com/ircln0IYnHCkr7BfY3ZUQUFqMU5nzetq3YS6eA05Gr9VbWGvdmyAG9P67fyrCWA5-xw=s180,Forest: Stay focused,https://play.google.com/store/apps/details?id=cc.forestapp,"Avaliado com 4,4 de 5 estrelas",22 de agosto de 2018
Produtividade,57.047 avalia√ß√µes,https://lh3.ggpht.com/XyQpXWMHI7tE8dL2MrabikZj3S7DDgG9RFuyXVk7jplKFgUK4dGGwNlmplodB_RIEibJ=s180,Note Everything,https://play.google.com/store/apps/details?id=de.softxperience.android.noteeverything,"Avaliado com 4,4 de 5 estrelas",18 de outubro de 2016
Produtividade,81.578 avalia√ß√µes,https://lh3.googleusercontent.com/CF8YFRY03xhCCaukTvnGCyReKtdWaKXQnBCjOSEzjQpitT9bKH78XOYLgIOezRXiRw=s180,"Limpeza de celular, Acelerador",https://play.google.com/store/apps/details?id=com.cyou.clean,"Avaliado com 4,5 de 5 estrelas",29 de mar√ßo de 2018
Produtividade,16.529 avalia√ß√µes,https://lh3.ggpht.com/kJyfCXGTGyBmA44gjUkeg0iGrFLxJv19J0P9opB2lce6T5DMpMshDZ_bN3pcrYlRbQ4=s180,Notas - MemoCool Free,https://play.google.com/store/apps/details?id=notepad.memocool.free,"Avaliado com 4,2 de 5 estrelas",2 de julho de 2015
Produtividade,156.665 avalia√ß√µes,https://lh3.googleusercontent.com/qW5UpOFYLQRJ7jz_kUkHv6XXHQe_bldMLKD7dlXrwqgWD_H89KXMsCgng_9pcrTqaA=s180,Todoist: Lista e gerenciador de tarefas,https://play.google.com/store/apps/details?id=com.todoist,"Avaliado com 4,5 de 5 estrelas",25 de agosto de 2018
Produtividade,72.963 avalia√ß√µes,https://lh3.googleusercontent.com/z7oKSvTI-2ynS5bHggIctR9GVkS8sGKqpDlfCvgxLo0du7Az00u6XpJ0LLyvzBusW-Jd=s180,Trello,https://play.google.com/store/apps/details?id=com.trello,"Avaliado com 4,5 de 5 estrelas",22 de agosto de 2018
Produtividade,407.263 avalia√ß√µes,https://lh3.ggpht.com/SaVG1N0oTjZ_YymlQn2Y8u4i-RgmvlsBN_6dmmTr9VwF1HRCzCi7wi-YEt0tLAXzb1c=s180,Wunderlist: Lista de Tarefas,https://play.google.com/store/apps/details?id=com.wunderkinder.wunderlistandroid,"Avaliado com 4,6 de 5 estrelas",6 de abril de 2018
Produtividade,177.055 avalia√ß√µes,https://lh3.ggpht.com/FmtkVY1R6oJ3MtbggSzUaZiteJqDmuHeA3m5ycrFM2tDtHk6Hk3pyCPrpfYyIQUwtgXA=s180,Pushbullet - SMS on PC,https://play.google.com/store/apps/details?id=com.pushbullet.android,"Avaliado com 4,5 de 5 estrelas",30 de outubro de 2017
Produtividade,113.819 avalia√ß√µes,https://lh3.googleusercontent.com/GnNvSNfNG_BBP1-aySL0zXrlZdq7xrOH45497Kszu1iE8X1g6WsXhAkblVzuCcp6wN4=s180,Happy Diwali AppLock Theme,https://play.google.com/store/apps/details?id=com.cleanmaster.security.applock.diwali,"Avaliado com 4,2 de 5 estrelas",23 de novembro de 2016
Produtividade,694.746 avalia√ß√µes,https://lh3.ggpht.com/DY9VpGNRSHoICKJVpIy9dMjgm7TOb3lTveLtsv4got8aqbLGpSS4w5xXiR7VBe-mr_M=s180,Google Keep - notas e listas,https://play.google.com/store/apps/details?id=com.google.android.keep,"Avaliado com 4,4 de 5 estrelas",20 de agosto de 2018
Produtividade,7.481 avalia√ß√µes,https://lh3.googleusercontent.com/sa92U853lec3MbVY7cqnz_6Qipp5uQRZdCQxXPV6oXfB0M0woqbYk4WU_0tCiQauazU=s180,Notas,https://play.google.com/store/apps/details?id=com.bigtexapps.notes,"Avaliado com 4,2 de 5 estrelas",8 de outubro de 2015
Produtividade,1.489.760 avalia√ß√µes,https://lh3.googleusercontent.com/hmTfrqtheD-o2zRXpZj4vWz4DIeXeHarEJgLkgHCplCti1KI1E8Nq9LDbXoigZUai1Y=s180,Evernote,https://play.google.com/store/apps/details?id=com.evernote,"Avaliado com 4,6 de 5 estrelas",22 de agosto de 2018
Produtividade,863.564 avalia√ß√µes,https://lh3.ggpht.com/oGR9I1X9No3SfFEXrq655tETtVVzI3jIphhmEVPGPEVuM5gfwh8lOGWHQFf6gjSTvw=s180,Google Agenda,https://play.google.com/store/apps/details?id=com.google.android.calendar,"Avaliado com 4,2 de 5 estrelas",24 de agosto de 2018
Produtividade,59.962 avalia√ß√µes,https://lh3.ggpht.com/32pDr_ZaBqZ9fR4N_ZnUQ41vhHBTZ7dRYGvfOfu2zVdR3XhZ_PgQ2Usv59Qf24dXUA=s180,Anota√ß√µes,https://play.google.com/store/apps/details?id=com.mv.notas,"Avaliado com 4,5 de 5 estrelas",2 de maio de 2015
Produtividade,1.524.168 avalia√ß√µes,https://lh3.ggpht.com/ykBVajH8-zaDKoTJOAibbtHn3FbBKWosylkpztoernVySDuG-hx-03UMPYt1b_uI0IQ=s180,CamScanner - Phone PDF Creator,https://play.google.com/store/apps/details?id=com.intsig.camscanner,"Avaliado com 4,6 de 5 estrelas",24 de agosto de 2018
Produtividade,1.864.576 avalia√ß√µes,https://lh3.googleusercontent.com/40Q7mls-oIugtGd-JxCugHoNAZO8hwLw67Z2IgbTQ3wj1JMNvUenobtvsx1XAHGDqfRm=s180,Dropbox,https://play.google.com/store/apps/details?id=com.dropbox.android,"Avaliado com 4,4 de 5 estrelas",13 de agosto de 2018
Ferramentas,585.527 avalia√ß√µes,https://lh3.googleusercontent.com/w0XPi7NNjel9T5Z1azT1NdqFBtg4q1d88Ua-gMfHTkVEjE6HmXKh-nA2OvPw9yNuSHCd=s180,EasyTouch - Assistive Touch,https://play.google.com/store/apps/details?id=com.shere.easytouch,"Avaliado com 4,5 de 5 estrelas",29 de mar√ßo de 2018
Produtividade,2.414.516 avalia√ß√µes,https://lh3.ggpht.com/IDOtRhsZLSG3EFxWxmWREMPa42_SNQvl9-x4FBu5dn9aJMjpVtMx_GoNdnQwEIp_7gsV=s180,ColorNote Bloco de Notas Lista,https://play.google.com/store/apps/details?id=com.socialnmobile.dictapps.notepad.color.note,"Avaliado com 4,6 de 5 estrelas",27 de junho de 2018
Corporativo,26.588 avalia√ß√µes,https://lh3.googleusercontent.com/NaiwXsBjUYw9AakhpyQQG4SVKgPeZjrcIhb8xWkurvYulGJrzFCaMaIP3XGWOlBqmHoW=s180,Nine - Email & Calendar,https://play.google.com/store/apps/details?id=com.ninefolders.hd3,"Avaliado com 4,5 de 5 estrelas",23 de agosto de 2018
Finan√ßas,17 avalia√ß√µes,https://lh3.ggpht.com/zD5LaMbdW4vXDMoGWeM_b4TdLI4UMcpg9fUEuVsbNdpRKAyLu6aCyNBDNY7j4YYYRg=s180,FINAN√áAS PMSP,https://play.google.com/store/apps/details?id=br.gov.sp.prefeitura.financas,"Avaliado com 3,8 de 5 estrelas",27 de mar√ßo de 2018
Finan√ßas,20.359 avalia√ß√µes,https://lh3.ggpht.com/FXW2VSgk3YNQdE6P20tiVM6FHpVAI2jgbwBtg9cMsngPfOSUSQoZgwtbAjLSQYN97f1h=s180,eFatura,https://play.google.com/store/apps/details?id=com.pauloslf.efatura,"Avaliado com 4,4 de 5 estrelas",8 de agosto de 2018
Estilo de vida,1.888 avalia√ß√µes,https://lh3.googleusercontent.com/YNfqGkiT5zr1fDtN5DkuQSVUkRhKIJYOcEFAsjTylU_Ste2_452DT5SjcNuu9-CigaE=s180,DIY Crafts,https://play.google.com/store/apps/details?id=com.diycrafts.devkeligia.app,"Avaliado com 3,8 de 5 estrelas",27 de fevereiro de 2018
Finan√ßas,5.339 avalia√ß√µes,https://lh3.ggpht.com/MkJucW0A1wEVzODH29JsKMBCSaG2Ve_5-I9R9YL42jUD6RcnzmeBnIcQ5YQHl581OgSl=s180,Dinheiro R√°pido Recorder,https://play.google.com/store/apps/details?id=com.smartidea.quickmoneyrecorder,"Avaliado com 4,3 de 5 estrelas",19 de julho de 2018
Livros e refer√™ncias,9.507 avalia√ß√µes,https://lh3.ggpht.com/fc9hvONXpoYqmNlO_JsY9Skfc6TLuitcS_PSLV7FUIEe96J0zvyot7bkUoBJ2N3ifA=s180,iFixit: Repair Manual,https://play.google.com/store/apps/details?id=com.dozuki.ifixit,"Avaliado com 4,3 de 5 estrelas",18 de fevereiro de 2016
Estilo de vida,20.226 avalia√ß√µes,https://lh3.ggpht.com/zdUkiszkJMv3CaY89Z9XtphUvreiOVv5YpbRUdAVe_CN4TGDwLPn2xRSt7F3caHUuYqm=s180,2000 DIY ideas,https://play.google.com/store/apps/details?id=com.boisei.diygallery,"Avaliado com 3,9 de 5 estrelas",31 de maio de 2017
Estilo de vida,5.210 avalia√ß√µes,https://lh3.ggpht.com/CHhY4p1KZkY1sHqVwRXMF33w3NycejEDcVI0PAKUCGLwED4OacwJKhrn5JbQqnZzxD6N=s180,Creative Ideas - DIY & Craft,https://play.google.com/store/apps/details?id=com.CreativeIdeas.gen,"Avaliado com 4,0 de 5 estrelas",23 de novembro de 2017
Compras,95.692 avalia√ß√µes,https://lh3.ggpht.com/xomNZkhkqLxKLV9Gb11fACyLh7DhMDcSPFjYLvilAKbEFZmlwYbmqB3Bu-49h3yi-1A=s180,Etsy: Handmade & Vintage Goods,https://play.google.com/store/apps/details?id=com.etsy.android,"Avaliado com 4,3 de 5 estrelas",17 de agosto de 2018
Produtividade,21.281 avalia√ß√µes,https://lh3.ggpht.com/pvlAGS1FVYo92g34meM2KXMEujoA4fj97vpRHYHbD5ADUWlDRO51fsLB4e_jJuG82Q=s180,calculadora constru√ß√£o,https://play.google.com/store/apps/details?id=com.inturi.net.android.TimberAndLumberCalc,"Avaliado com 4,5 de 5 estrelas",22 de maio de 2018
Finan√ßas,112.966 avalia√ß√µes,https://lh3.ggpht.com/aHUBj8VVgMZqDVakcovm0VEfd_xWf8bY2Tk6gXdb3yTQgMgyHkCHjNW_OxYfZQgdEcE=s180,Monefy - Expense Manager,https://play.google.com/store/apps/details?id=com.monefy.app.lite,"Avaliado com 4,6 de 5 estrelas",3 de julho de 2018
Finan√ßas,4.011 avalia√ß√µes,https://lh3.googleusercontent.com/gtBpEpbsJ7aMmzZM7qpJmqTzsSKgdQJ0UN8T-L6qAAn9iyulta2eDuKM5VtvPSSJ7g=s180,Grana Gerenciador Financeiro,https://play.google.com/store/apps/details?id=com.renanferrari.grana,"Avaliado com 4,3 de 5 estrelas",13 de junho de 2018
Finan√ßas,2.830 avalia√ß√µes,https://lh3.ggpht.com/g55IkaziEnhzOSFU2aZ--fM4wKA-2-ekJhG88i16cbthgZdzEuPm4xqp15GcX7S9aRf2=s180,Calculadora do Cidad√£o,https://play.google.com/store/apps/details?id=br.gov.bcb.mobile.android.calculadoracidadao,"Avaliado com 4,1 de 5 estrelas",31 de mar√ßo de 2017
Educa√ß√£o,37.970 avalia√ß√µes,https://lh3.ggpht.com/mBehi4z7Wq0u5jLNwaJLctC9E4BRrRZ05pdoYT1KJ2t5N20TWKhDZRABhU6Q69lDy8II=s180,How to Make Origami,https://play.google.com/store/apps/details?id=com.mobilicos.howtomakeorigami,"Avaliado com 4,0 de 5 estrelas",8 de fevereiro de 2018
Finan√ßas,6.038 avalia√ß√µes,https://lh3.ggpht.com/Sfnv0dvA6OPNh8v4crdU9CEYNZu8goZ9uOoUMSAAsT5V9l6ohg5tim5y6eLjZ1kxjCo=s180,Finan√ßas Pessoais - Financeiro,https://play.google.com/store/apps/details?id=incomeincloud.android.activity,"Avaliado com 4,0 de 5 estrelas",10 de maio de 2017
Produtividade,62.830 avalia√ß√µes,https://lh3.googleusercontent.com/2MflyKE7KhtXGEfF8G3sqcqgEac1WInu49S3G_mui8RUuwfzv4G6JZ8sQ0gcQdLdnpcU=s180,Weebly,https://play.google.com/store/apps/details?id=com.weebly.android,"Avaliado com 4,3 de 5 estrelas",22 de agosto de 2018
Compras,221.806 avalia√ß√µes,https://lh3.googleusercontent.com/tO8Y29-0yGEkkmiBIJ5RqzZlXu8F61CPOWKkeYNbcuEhdFIBK4L1_wYapPMe70rcQw=s180,Home - Compre Decor & Design,https://play.google.com/store/apps/details?id=com.contextlogic.home,"Avaliado com 4,5 de 5 estrelas",20 de julho de 2018
Estilo de vida,25.966 avalia√ß√µes,https://lh3.ggpht.com/aZ2ZgH0CGyqjO6V5VLxS6CyUs62x_VnshX16Bcf_RFLjQPdhm8W7umaFtaXXTbGQ9w=s180,CyberCook Receitas,https://play.google.com/store/apps/details?id=br.com.cybercook.receitas,"Avaliado com 4,4 de 5 estrelas",1 de novembro de 2017
Estilo de vida,21.066 avalia√ß√µes,https://lh3.googleusercontent.com/caqttq4WWvrlu6ZqSeQujwq5oMnGd0dT1BKty8TJ6m1W5BdUQJLpni3mQ38UYbAiubU=s180,GetNinjas - Servi√ßos para voc√™,https://play.google.com/store/apps/details?id=br.com.getninjas.pro,"Avaliado com 4,2 de 5 estrelas",20 de agosto de 2018
Finan√ßas,124.208 avalia√ß√µes,https://lh3.googleusercontent.com/tXWvpunCfUUipERuYte0f_3kusQjyBwSRPI41bLSFtX21cbEGalXP9ITf2r2Nquk6sXM=s180,Gastos Di√°rios 3,https://play.google.com/store/apps/details?id=mic.app.gastosdiarios,"Avaliado com 4,5 de 5 estrelas",8 de agosto de 2018
Finan√ßas,176.793 avalia√ß√µes,https://lh3.googleusercontent.com/dyZhxuNWFUonU55UcpJvkbqSyLZIZsFY25845egVm4Qsj2IoejrZhvO_g_FpXApbPaQ=s180,Ticket,https://play.google.com/store/apps/details?id=br.com.mobile.ticket,"Avaliado com 4,2 de 5 estrelas",3 de julho de 2018
Compras,15.344 avalia√ß√µes,https://lh3.googleusercontent.com/83lQCx82pvR8cksFl9OlzkF_Vxainm20FNPP7Vm_xTQEysvyPvFzoHGvqLkNfEr2SA=s180,Elo7 ¬∑ Produtos Fora de S√©rie,https://play.google.com/store/apps/details?id=br.com.elo7.appbuyer,"Avaliado com 4,6 de 5 estrelas",24 de agosto de 2018
Ve√≠culos,52.313 avalia√ß√µes,https://lh3.googleusercontent.com/k5UyDVEAcSBs3H0Cbm2UJqloJ-M5j542uc3NJ_jfTDWrftnGvdEiVkFbe_NKNZ8HCaC5=s180,Drivvo - Gerencie seu ve√≠culo (Gastos e Receitas),https://play.google.com/store/apps/details?id=br.com.ctncardoso.ctncar,"Avaliado com 4,7 de 5 estrelas",29 de maio de 2018
Compras,55.913 avalia√ß√µes,https://lh3.googleusercontent.com/fQ0zCKX52-9t_CFv2DEQgVFJHQ5mMMRmG8cSzcBD868G0ckaJ04R-UBzPb5sS8QY6mw=s180,"compre muito, venda tudo.",https://play.google.com/store/apps/details?id=br.com.enjoei.app,"Avaliado com 4,4 de 5 estrelas",19 de agosto de 2018
Finan√ßas,28.800 avalia√ß√µes,https://lh3.googleusercontent.com/i0qRnuHD9u4C_SQL5R3wiSJQ12WAbYWOQp89QIpvtWC8TixS1PWIp4HNgGX4JUcZxA=s180,Minhas Economias,https://play.google.com/store/apps/details?id=com.minhaseconomias,"Avaliado com 4,6 de 5 estrelas",11 de setembro de 2017
Estilo de vida,10.474 avalia√ß√µes,https://lh3.ggpht.com/wZeqlxl2nhh5Qtz-H2wheven6TDzNHD93jcG9m1kViwiWJ0GeT2aKr-ZnVNa0f6tFtk=s180,Receitas de Boteco,https://play.google.com/store/apps/details?id=br.cubas.botecobasico,"Avaliado com 4,3 de 5 estrelas",15 de junho de 2018
Finan√ßas,162.762 avalia√ß√µes,https://lh3.googleusercontent.com/mLNHrXgYyvTfrG5JyvRg6ylKwGO5PelQKr0aVhUlvu-a0wMpQVamNbUZvWas40JNyLtk=s180,Mobills Controle Financeiro,https://play.google.com/store/apps/details?id=br.com.gerenciadorfinanceiro.controller,"Avaliado com 4,6 de 5 estrelas",14 de agosto de 2018
Social,4.359.731 avalia√ß√µes,https://lh3.googleusercontent.com/SrULGsyndXJk6Gs4Lmv34sOlMDAroy1bzPPr9X1U5oVdv5TAAJX4JkYPO_wQAdP7TBA=s180,Pinterest - ideias em imagens e fotos,https://play.google.com/store/apps/details?id=com.pinterest,"Avaliado com 4,6 de 5 estrelas",23 de agosto de 2018
Finan√ßas,62.143 avalia√ß√µes,https://lh3.googleusercontent.com/BuT1XZDO0klD3788bZ7GF03I4l-DAyj86UZ705mnTXTEUMmHj0aOIaA4y5ZEFzBEe5c=s180,GuiaBolso Controle Financeiro,https://play.google.com/store/apps/details?id=br.com.guiabolso,"Avaliado com 4,0 de 5 estrelas",24 de agosto de 2018
Corporativo,109.114 avalia√ß√µes,https://lh3.googleusercontent.com/c5FEWsVSoDrrQzFxqWvEqJEj1xWL9ofuuJyVpzpzVNTaUaMFRVmFDSaznc52v2pc7wc=s180,CamCard Free - Business Card R,https://play.google.com/store/apps/details?id=com.intsig.BCRLite,"Avaliado com 4,4 de 5 estrelas",19 de julho de 2018
Corporativo,104.427 avalia√ß√µes,https://lh3.ggpht.com/2K-b9HnxcmsPWWY6-nynbRt3xMBLyXoyChnVt2dJKJcmpa9In99d94Xh5rZPwwoO7tI=s180,PrinterShare - impress√£o f√°cil,https://play.google.com/store/apps/details?id=com.dynamixsoftware.printershare,"Avaliado com 4,2 de 5 estrelas",23 de agosto de 2018
Corporativo,8.336 avalia√ß√µes,https://lh3.googleusercontent.com/aAs8hLCSVtHlGw1ozeiSoHLW0FnIVRxiO4y-wcp8lRPnvsEar2WQcBICfrZGW90FMg=s180,Business Card Maker,https://play.google.com/store/apps/details?id=com.unifiedapps.businesscardmaker,"Avaliado com 4,2 de 5 estrelas",15 de agosto de 2018
Corporativo,3.883 avalia√ß√µes,https://lh3.ggpht.com/ywHveN9UYBKpZW5kEwk4OyO6v8o4wtJ6T2C_ykvyWGpj_rk6IhltNFKQZIY2h8g8im2W=s180,"MiniERP Estoque,Vendas,NFe,SAT",https://play.google.com/store/apps/details?id=br.com.sistemaids.idsmobilevendas,"Avaliado com 4,5 de 5 estrelas",29 de outubro de 2016
Corporativo,4.772 avalia√ß√µes,https://lh3.googleusercontent.com/raHvIVqJ1ELefflInCw8h2Dtm-8FAHMauAhet-XA6cQuE1-NPmsAe5-10Rz3-Iwr=s180,AnyDesk comando remoto de PC,https://play.google.com/store/apps/details?id=com.anydesk.anydeskandroid,"Avaliado com 4,4 de 5 estrelas",9 de julho de 2018
Corporativo,7.873 avalia√ß√µes,https://lh3.ggpht.com/DC1XDi1wcvMuhrZY_08I0jjuw1_Gkfw2R6E6QXOpJ4fD1sOLhcfOhn4UJbfuPEARbDVt=s180,AnyConnect,https://play.google.com/store/apps/details?id=com.cisco.anyconnect.vpn.android.avf,"Avaliado com 4,2 de 5 estrelas",6 de agosto de 2018
Corporativo,17.189 avalia√ß√µes,https://lh3.googleusercontent.com/D3hzv4wY6iccKs8D89DxB4nufM3LMBpOp3e7gZvVKSalsIPgLhuVp9cDDEK4zes0ldk=s180,Salesforce,https://play.google.com/store/apps/details?id=com.salesforce.chatter,"Avaliado com 4,1 de 5 estrelas",14 de agosto de 2018
Corporativo,25.306 avalia√ß√µes,https://lh3.googleusercontent.com/sasPZu1DPo4_Msn0wakoc6kmifxIz_43PYYSf8y70FNFsbIxa-71R2jmdvdFvnga5Q=s180,Citrix Workspace,https://play.google.com/store/apps/details?id=com.citrix.Receiver,"Avaliado com 3,5 de 5 estrelas",20 de agosto de 2018
Corporativo,7.856 avalia√ß√µes,https://lh3.googleusercontent.com/GYf5XViT9cKsVXeG2Z334xZMTyEsZrFWPGHLOmS0855ucLqQvnoRme3O6UHZcOolJIFr=s180,HireVue for Candidates,https://play.google.com/store/apps/details?id=com.hirevue.candidate.generic,"Avaliado com 4,6 de 5 estrelas",24 de agosto de 2018
Corporativo,110.856 avalia√ß√µes,https://lh3.googleusercontent.com/_8joIrDlTdTZ1cKVVnMoQ9KG0i-A5LCZX8N3w0MmFljiIsV8T2jkcqhHWndrKs0ldGuX=s180,Cisco Webex Meetings,https://play.google.com/store/apps/details?id=com.cisco.webex.meetings,"Avaliado com 4,4 de 5 estrelas",23 de agosto de 2018
Corporativo,381.784 avalia√ß√µes,https://lh3.googleusercontent.com/Q1aDT-So-QMuwuCpfX__c4fF4IwWeFo2j-zcozLkjb53429U3P-C2iNbbQce41iX9IIV=s180,MyASUS ‚Äì Suporte ASUS,https://play.google.com/store/apps/details?id=com.asus.ia.asusapp,"Avaliado com 4,4 de 5 estrelas",4 de julho de 2018
Corporativo,76.907 avalia√ß√µes,https://lh3.googleusercontent.com/M2agzoFiH8-krXkXnd-QkrvwNAQeUxpIrPGmgEgeVOalonjmknUAdKF_B6jrTybu0Q=s180,Aqua Mail - Email App,https://play.google.com/store/apps/details?id=org.kman.AquaMail,"Avaliado com 4,5 de 5 estrelas",18 de julho de 2018
Corporativo,10.493 avalia√ß√µes,https://lh3.googleusercontent.com/Z_exlNzbuZSlislSjwM3nJCRVjFWLeKFz1Ypcg8MTx-dJ_6HWUg3O_W1HGiM1dThlTP_=s180,GoToMeeting ‚Äì Video Conferencing & Online Meetings,https://play.google.com/store/apps/details?id=com.gotomeeting,"Avaliado com 4,6 de 5 estrelas",13 de agosto de 2018
Corporativo,19.289 avalia√ß√µes,https://lh3.googleusercontent.com/ODKlFYm7BaNiLMEEDO2b4DOCU-hmS1-Fg3_x_lLUaJZ0ssFsxciSoX1dYERaWDJuEs8=s180,An√∫ncios do Facebook,https://play.google.com/store/apps/details?id=com.facebook.adsmanager,"Avaliado com 4,1 de 5 estrelas",23 de agosto de 2018
Corporativo,90 avalia√ß√µes,https://lh3.googleusercontent.com/DltsGzv4N-VBWiCry8Ye60EvVkCMqoMm3c5fd27CG_Pc-eDQmikVroiXmdxgcs5acw=s180,Visual Support,https://play.google.com/store/apps/details?id=com.sightcall.sightcall,"Avaliado com 4,4 de 5 estrelas",20 de agosto de 2018
Corporativo,41.924 avalia√ß√µes,https://lh3.ggpht.com/rMV2x9_l1iwF1YL-7oe1VerLHz8TgQBt7VwPRg-4JuVw0cQ5xqgYkPefb0EQeUUdOSbi=s180,Amazon Seller,https://play.google.com/store/apps/details?id=com.amazon.sellermobile.android,"Avaliado com 4,3 de 5 estrelas",29 de junho de 2018
Corporativo,16.674 avalia√ß√µes,https://lh3.ggpht.com/VNMoMLGHmVFrRv_8aGzZSwkJZctmP8H0z-O1sDOmjD3TkkL-Geoxpqnlne7AF6LbI_Br=s180,USPS MOBILE¬Æ,https://play.google.com/store/apps/details?id=com.usps,"Avaliado com 3,9 de 5 estrelas",14 de junho de 2018
Corporativo,29.635 avalia√ß√µes,https://lh3.googleusercontent.com/gDLgYeTaZUTQXa9hu0f4OgxAJedWvpcz3puIj3rgWwYhUjsruRfmKWheF1Wm-oVvPgDe=s180,Google Ads,https://play.google.com/store/apps/details?id=com.google.android.apps.adwords,"Avaliado com 4,3 de 5 estrelas",30 de julho de 2018
Corporativo,695 avalia√ß√µes,https://lh3.ggpht.com/7LTZ9J3KebbmOjf4OqucKb_3JWzpdSdvqm7gBMshZHx_7-aghNyUoIlttkYdiRdmhw=s180,LG Suporte,https://play.google.com/store/apps/details?id=com.lge.supportlg,"Avaliado com 3,7 de 5 estrelas",3 de abril de 2017
Corporativo,1.959 avalia√ß√µes,https://lh3.googleusercontent.com/dNVT9ozasUGWx5L62LYd9qPUkx0PbrjbPZW7nrNbzV96l5n6eJnw_ygT8Mp91PWUEWlB=s180,Hangouts Meet,https://play.google.com/store/apps/details?id=com.google.android.apps.meetings,"Avaliado com 4,1 de 5 estrelas",17 de agosto de 2018
Corporativo,105.994 avalia√ß√µes,https://lh3.ggpht.com/NtVPpG17VBeDg1MOUJHICW1hEWVS-2oi3SQ0ofsrZUR5yW9lpAl3qejk9k2AQO386Cdf=s180,Splashtop Personal,https://play.google.com/store/apps/details?id=com.splashtop.remote.pad.v2,"Avaliado com 4,5 de 5 estrelas",27 de julho de 2018
Corporativo,51.870 avalia√ß√µes,https://lh3.googleusercontent.com/Dq-mZ5mmdE6aFPeD61DNlVTwYSI75UwHBYDq_BxBZOMSzCBnQ5OCC4-LjfP42tDlyw=s180,Slack,https://play.google.com/store/apps/details?id=com.Slack,"Avaliado com 4,4 de 5 estrelas",15 de agosto de 2018
Corporativo,79.693 avalia√ß√µes,https://lh3.googleusercontent.com/jHRBv9E8ESGX2agXnyn9jFvBZRaeMahk3jpA5VyTugy2MIJVwvbuQzjAze8hIzIAmQ=s180,Google Analytics,https://play.google.com/store/apps/details?id=com.google.android.apps.giant,"Avaliado com 4,5 de 5 estrelas",13 de agosto de 2018
Corporativo,7.951 avalia√ß√µes,https://lh3.googleusercontent.com/CYtaR5nsZTERU0gNGwLXIbkRHo1RqhKhWOecTMxAVDnJlfUH-FBr_oW3myARrSdkVN8=s180,V380,https://play.google.com/store/apps/details?id=com.macrovideo.v380,"Avaliado com 3,3 de 5 estrelas",9 de fevereiro de 2018
Corporativo,3.801 avalia√ß√µes,https://lh3.googleusercontent.com/sUzHRbNV0YfijnblGANa6Wspf5SIiykhFbe6xMBnYsyp8lmQlslPLOujyiKs8GB8eIY=s180,ONE TOUCH Support,https://play.google.com/store/apps/details?id=com.rsupport.rs.activity.tcl,"Avaliado com 3,3 de 5 estrelas",25 de agosto de 2016
Corporativo,11.971 avalia√ß√µes,https://lh3.googleusercontent.com/l4GjSyYuNLkWrjNDd20InOACBv2AcSSXh-Xzr8owsaOrp6NpnLb2nDELNJzUAqbJLA=s180,SumUp - o seu leitor de cart√£o,https://play.google.com/store/apps/details?id=com.kaching.merchant,"Avaliado com 4,0 de 5 estrelas",8 de agosto de 2018
Corporativo,761.944 avalia√ß√µes,https://lh3.googleusercontent.com/7FG4Wa3ZEJAoTyxKTjuHxZwVwbRSAsvE7BR84oHfv5lH3KS225CDbMganrTyJGfyhW0=s180,File Commander - Gerenciador,https://play.google.com/store/apps/details?id=com.mobisystems.fileman,"Avaliado com 4,3 de 5 estrelas",2 de agosto de 2018
Corporativo,190.681 avalia√ß√µes,https://lh3.googleusercontent.com/Jc5FpdQdk4j3QuJRTL2Y37ob3ZajRA8DGtNBL4aEsuHI0dfV_2adakp4CqYF1IT6F_4=s180,Bloqueador de Chamadas,https://play.google.com/store/apps/details?id=com.androidrocker.callblocker,"Avaliado com 4,6 de 5 estrelas",21 de junho de 2018
Corporativo,22.889 avalia√ß√µes,https://lh3.ggpht.com/BJrHT0MWcwWk4LYhL0rrgvTHBCuvWCg_P3ISvWn8zSOSW63iWjvN7BCvAaSrp-WOfGiH=s180,Impressora M√≥vel PrintHand,https://play.google.com/store/apps/details?id=com.dynamixsoftware.printhand,"Avaliado com 3,9 de 5 estrelas",26 de junho de 2018
Corporativo,98.003 avalia√ß√µes,https://lh3.ggpht.com/iahtTh3IjLnAzQZNhF9lkwACyvoOrFmTyIFRUhqzrs53q1fb_HW2UyaY0dob7n-XhDs=s180,Microsoft Remote Desktop,https://play.google.com/store/apps/details?id=com.microsoft.rdc.android,"Avaliado com 4,2 de 5 estrelas",11 de julho de 2018
Corporativo,160.649 avalia√ß√µes,https://lh3.googleusercontent.com/bYVafDlBEUJf-_agMoV97k336w4VSGMyIVNq5aJWMYlpyDq9y6hmTuso5cynuBDP8cI=s180,Box,https://play.google.com/store/apps/details?id=com.box.android,"Avaliado com 4,3 de 5 estrelas",22 de agosto de 2018
Corporativo,32.563 avalia√ß√µes,https://lh3.ggpht.com/ukIEkdwZAedDk4OLDb3B5mF8-kJnAq_8QHwjHHifYZLGIPAfKcWKMiPJwu48_l8FG3Q=s180,ZOOM Cloud Meetings,https://play.google.com/store/apps/details?id=us.zoom.videomeetings,"Avaliado com 4,4 de 5 estrelas",20 de agosto de 2018
Corporativo,17.907 avalia√ß√µes,https://lh3.ggpht.com/qZE2fLGymlxyOgTdLQIqb2WhRSdToGGrJkA_Kg__FkINE9De4_E2kReUYFA5x_8xMUg=s180,Wikitude,https://play.google.com/store/apps/details?id=com.wikitude,"Avaliado com 4,0 de 5 estrelas",23 de agosto de 2018
Corporativo,22.980 avalia√ß√µes,https://lh3.googleusercontent.com/WSFzLL1zoOhPyBjX1_dSlV7khYJab9Dn6lAjXPBiI6eC9ujeZnjHvPFb59xcsrXnx84=s180,Pulse para Booking.com,https://play.google.com/store/apps/details?id=com.booking.hotelmanager,"Avaliado com 4,5 de 5 estrelas",24 de agosto de 2018
Corporativo,1.277.814 avalia√ß√µes,https://lh3.googleusercontent.com/71RQti5COPiUU6syMYePBeCozfE6xRwm-1ONbqe6TpsOP1nBj4Z4Y4QPpaO_F-o2v5s=s180,Uber Driver - para motorista,https://play.google.com/store/apps/details?id=com.ubercab.driver,"Avaliado com 4,3 de 5 estrelas",25 de agosto de 2018
Corporativo,253.369 avalia√ß√µes,https://lh3.googleusercontent.com/MG26qEI8tuRgFmSh7OfQ5t-aysE-vFfhpL6Bc2fDFJ8KkPNDY7Y8qf6jQyL1J-jNHBLK=s180,"InfoJobs - Vagas de emprego, sal√°rios e avalia√ß√µes",https://play.google.com/store/apps/details?id=com.infojobs.phone,"Avaliado com 4,1 de 5 estrelas",20 de junho de 2018
Corporativo,3.475 avalia√ß√µes,https://lh3.googleusercontent.com/COfbukN9lscu3FgGUyiVlmokFcgTmbzKAPwOZrvQdZXUXzyw5mt6n9r_CFiouORAPg=s180,Scanner para Mim: converta imagens para PDF,https://play.google.com/store/apps/details?id=com.apalon.scanner.app,"Avaliado com 4,4 de 5 estrelas",17 de agosto de 2018
Corporativo,104.468 avalia√ß√µes,https://lh3.googleusercontent.com/oZCeVoLMgq75qB-klqQYkI7OWxkaJpDkK7cZz4pCbI1CtoCWsH5Rs1CDhyk2bFamsLI=s180,Fast Scanner : Free PDF Scan,https://play.google.com/store/apps/details?id=com.coolmobilesolution.fastscannerfree,"Avaliado com 4,5 de 5 estrelas",11 de julho de 2018
Corporativo,15.493 avalia√ß√µes,https://lh3.googleusercontent.com/1EjZ4I1xWdQNN44skn8tJLcsynQotyIbmVi9ZX53fMgGNP95G2PQ3EgqeQXzUOXNmTk=s180,Secure Folder,https://play.google.com/store/apps/details?id=com.samsung.knox.securefolder,"Avaliado com 3,8 de 5 estrelas",31 de janeiro de 2018
Corporativo,289.822 avalia√ß√µes,https://lh3.googleusercontent.com/9CcAsFudREejEyxSbMDb2rs4OZ45ZqIQtkuS0EScBLcE1y2vMH3K_OBTz0lB9FQHHQ=s180,Tiny Scanner : Scan Doc to PDF,https://play.google.com/store/apps/details?id=com.appxy.tinyscanner,"Avaliado com 4,7 de 5 estrelas",30 de maio de 2017
Corporativo,1.282.817 avalia√ß√µes,https://lh3.ggpht.com/vcyZimfIRlWrLarEpIj7MMSuqgwIkF4bx5nArKhFWsEqGclnPTAeLLK4cFiQ5QscRIEc=s180,Gerenciador de P√°ginas,https://play.google.com/store/apps/details?id=com.facebook.pages.app,"Avaliado com 4,0 de 5 estrelas",8 de agosto de 2018
Corporativo,96.202 avalia√ß√µes,https://lh3.ggpht.com/8s1ii0TiD8TLLgmLEvAhYoDMfGsd4upbck7L7SF1Ja_b-HyfTcaEL3GrnmEm4TQDNx0=s180,Square Point of Sale - POS,https://play.google.com/store/apps/details?id=com.squareup,"Avaliado com 4,6 de 5 estrelas",21 de agosto de 2018
Corporativo,62.841 avalia√ß√µes,https://lh3.googleusercontent.com/ZqSyMIFbs-JcSsfHIOjIfSZQhRjga-t54mvoHglcOjpmaIKnaqWJus1kfWxFvIntoh4=s180,Google Primer,https://play.google.com/store/apps/details?id=com.google.android.apps.primer,"Avaliado com 4,4 de 5 estrelas",15 de agosto de 2018
Corporativo,72.500 avalia√ß√µes,https://lh3.googleusercontent.com/EUQGH40jV55Dm2mcGzT9I2_vSfl_rJv88dfrR3JGJkxgQMe2j4bXoFd-tvuYLSGhFIQ=s180,Google Meu Neg√≥cio,https://play.google.com/store/apps/details?id=com.google.android.apps.vega,"Avaliado com 4,4 de 5 estrelas",16 de agosto de 2018
Corporativo,30.975 avalia√ß√µes,https://lh3.googleusercontent.com/GM7wIl2B2ZP60U3GfWEqs253Kp74arIBPhhMgIeA7ReA3vpIbRXCifp3yjVj-cW-GqM=s180,Polaris Office for LG Device,https://play.google.com/store/apps/details?id=com.infraware.office.link.lg,"Avaliado com 4,2 de 5 estrelas",8 de fevereiro de 2018
Corporativo,88.225 avalia√ß√µes,https://lh3.googleusercontent.com/hTVdtFdJloVdgcJM5Zf900xHQ1MJJbUybk55df0-i0SirlWrEKiS5V7VagrqXHUsBw=s180,OfficeSuite Pro + PDF (Trial),https://play.google.com/store/apps/details?id=com.mobisystems.editor.office_with_reg,"Avaliado com 4,2 de 5 estrelas",7 de agosto de 2018
Corporativo,154.238 avalia√ß√µes,https://lh3.googleusercontent.com/V-mAZycnXaFUxENMYZA_vtAuXLmbFqJRQAdwKi7X3EJegxJchpcUgQlB757PE72WxPo=s180,OlympTrade ‚Äì Aplicativo de negocia√ß√£o on-line,https://play.google.com/store/apps/details?id=com.ticno.olymptrade,"Avaliado com 4,1 de 5 estrelas",24 de agosto de 2018
Corporativo,687.019 avalia√ß√µes,https://lh3.googleusercontent.com/jj2z8DZ-Z5rV-Y4IY0ZklkuPjCchjeeisflFD0dU_zlJNpbUJkDTQpAMlc5rwutKFSU=s180,Indeed Pesquisa de Empregos,https://play.google.com/store/apps/details?id=com.indeed.android.jobsearch,"Avaliado com 4,3 de 5 estrelas",10 de agosto de 2018
Corporativo,6.070 avalia√ß√µes,https://lh3.googleusercontent.com/j8rE6mwH7on0mpHEqVWw7cx20g16ee0YH3jQfzh4H0qQlAHbCtxVgep1sAJAr9YCxg=s180,Curriculum Vitae App Gratuitos modelo de Curr√≠culo,https://play.google.com/store/apps/details?id=com.aristoz.espanol.curriculumvitae,"Avaliado com 4,5 de 5 estrelas",17 de agosto de 2018
Corporativo,1.008.194 avalia√ß√µes,https://lh3.googleusercontent.com/McygU3VQs71sQ-ML5VZdVuCUJdQ2orNjWTjn_Fz2kj8L0e6OpLWwQeQ_V7gH2Cm6M6s=s180,OfficeSuite + PDF Editor,https://play.google.com/store/apps/details?id=com.mobisystems.office,"Avaliado com 4,3 de 5 estrelas",9 de agosto de 2018
Entretenimento,10.455 avalia√ß√µes,https://lh3.ggpht.com/Z5YYTqok_b-xUnCcWMUu0294FnBO3UWTRgEY12LRHfZehtQnWIg40JIYJdgpDNIDOA=s180,Minha Internet: seguro r√°pido,https://play.google.com/store/apps/details?id=com.visvanoid.secretbrowse,"Avaliado com 4,1 de 5 estrelas",29 de julho de 2018
Corporativo,217.849 avalia√ß√µes,https://lh3.ggpht.com/ql9Oh3a9rFfFTh_IysvLCD8tRzieVZNqIHkuSLSBkTqnLSy55Ga3xj64J2hQJaSvguM=s180,Docs To Go - Free Office Suite,https://play.google.com/store/apps/details?id=com.dataviz.docstogo,"Avaliado com 4,1 de 5 estrelas",2 de abril de 2018
Produtividade,45.288 avalia√ß√µes,https://lh3.ggpht.com/pWIAcAxWXa_ItbyWT3DGE_pgGIRUXrK0J_go-wY0unLDUwrCNofQbm2u8mbi1XCZBTWu=s180,Flynx - Read the web smartly,https://play.google.com/store/apps/details?id=com.flynx,"Avaliado com 4,5 de 5 estrelas",12 de abril de 2017
Comunica√ß√£o,12.597 avalia√ß√µes,https://lh3.googleusercontent.com/n-9o7cjkG23TTL7gUSn8dm517PJGCZceFJb7ymtm31udQfR75nVWuqHxTe6s6c9_DVY=s180,Lightning Web Browser,https://play.google.com/store/apps/details?id=acr.browser.barebones,"Avaliado com 4,1 de 5 estrelas",10 de julho de 2017
Comunica√ß√£o,10.994 avalia√ß√µes,https://lh3.ggpht.com/tZYtEoYX68mGoxV9WUluEIF5W-kR2EEHA0Cfc0Ji74fjPDFrxMu2_6DTUIiIB_v0Nps-=s180,Web Browser & Fast,https://play.google.com/store/apps/details?id=browser.explore.fast.secure,"Avaliado com 4,2 de 5 estrelas",2 de fevereiro de 2015
Personaliza√ß√£o,1.250.607 avalia√ß√µes,https://lh3.googleusercontent.com/TtYT-Do9haj2FSn2BgK4u_7Rbm-Q2Q9huE1o4dPa74q9NUayDMm0_QVInoQWklXdWw=s180,Yandex Browser with Protect,https://play.google.com/store/apps/details?id=com.yandex.browser,"Avaliado com 4,5 de 5 estrelas",14 de agosto de 2018
Comunica√ß√£o,13.161 avalia√ß√µes,https://lh3.googleusercontent.com/9Ja-MAisMFVJIZeJ1oF8AW2yq54xpL_4OuLErG2jg0MsUKefDAUrfuig8YjEfk75-S4=s180,Ghostery Privacy Browser,https://play.google.com/store/apps/details?id=com.ghostery.android.ghostery,"Avaliado com 4,1 de 5 estrelas",20 de mar√ßo de 2018
Comunica√ß√£o,18.305 avalia√ß√µes,https://lh3.googleusercontent.com/zrFAdRdZzmj5Jd5RgXwUW-KQwAF9PtF038-BPuqxNxQC_XuwyYw7PxHm8tO1a_HmMTs=s180,Puffin Browser Pro,https://play.google.com/store/apps/details?id=com.cloudmosa.puffin,"Avaliado com 4,0 de 5 estrelas",Conte√∫do aceito. 
Comunica√ß√£o,42.922 avalia√ß√µes,https://lh3.ggpht.com/UplKib26b4bo3a3BPxoCF62b852j7E_KVQxUh2rtAmNuxQyO4Bo-JAATeWf0oh5QJ4uz=s180,Navegador Ninesky,https://play.google.com/store/apps/details?id=com.ninesky.browser,"Avaliado com 4,2 de 5 estrelas",27 de agosto de 2017
Comunica√ß√£o,27.293 avalia√ß√µes,https://lh3.googleusercontent.com/FzgMx_y3wgNmJKgSyGj4qmf6tmNgRNENn9RFMsAswBUGQn1qrlab-zCLytMENBPBDBg=s180,InBrowser - Navegador privado,https://play.google.com/store/apps/details?id=nu.tommie.inbrowser,"Avaliado com 4,2 de 5 estrelas",31 de maio de 2018
Ferramentas,279.964 avalia√ß√µes,https://lh3.googleusercontent.com/JiePK_TIn47hr-ADID54rlvfII7VepmTfiq8cPlzmko8bwjLjcVN22lW5tkzUG2gwQ=s180,Maxthon Browser - Fast & Safe Cloud Web Browser,https://play.google.com/store/apps/details?id=com.mx.browser,"Avaliado com 4,4 de 5 estrelas",22 de agosto de 2018
Comunica√ß√£o,136.118 avalia√ß√µes,https://lh3.ggpht.com/h2O_URktvUDFxtm9dtv8NR1Ikc5eEahTZDFkicoX5J5HDQAAp5jlb4sayYLiRAfbPRo=s180,Photon Flash Player Navegador,https://play.google.com/store/apps/details?id=com.appsverse.photon,"Avaliado com 3,7 de 5 estrelas",6 de outubro de 2016
Comunica√ß√£o,55.217 avalia√ß√µes,https://lh3.ggpht.com/9Ya0z5Xmi688EkhjW9D8XUoqKWDoY-zIxwe6R7Zw70pvHiS_vvWWQ5dHmPuu_iVGP6cW=s180,Web Browser,https://play.google.com/store/apps/details?id=explore.web.browser,"Avaliado com 4,1 de 5 estrelas",20 de junho de 2018
Comunica√ß√£o,1.133.847 avalia√ß√µes,https://lh3.googleusercontent.com/KCILcpscVtfFd3QJ3t3pcWAF9ZKapBBvnbAOI8Nbe19yamorC3LVoJzGC5FYXUufSk0=s180,DU Browser- Navegador Web,https://play.google.com/store/apps/details?id=com.baidu.browser.inter,"Avaliado com 4,3 de 5 estrelas",1 de abril de 2016
Produtividade,71.899 avalia√ß√µes,https://lh3.ggpht.com/cH6_3uCZCO-GRd3yZs1Wr-zdc94gTlJ9HuFJkhnSJfKp77X5aGGGxYk1bgcyA5AdEGlj=s180,FlashFox - Flash Browser,https://play.google.com/store/apps/details?id=mobi.browser.flashfox,"Avaliado com 3,7 de 5 estrelas",21 de dezembro de 2016
Personaliza√ß√£o,276.205 avalia√ß√µes,https://lh3.googleusercontent.com/B2_OSEq-ITK9TSZoOF2uf7U8FSm_aszb4GlFHWJfXEOvH-yOyksWZNxzwKiAW-Q3E8YX=s180,APUS Navegador,https://play.google.com/store/apps/details?id=com.apusapps.browser,"Avaliado com 4,4 de 5 estrelas",25 de agosto de 2018
Comunica√ß√£o,2.512.379 avalia√ß√µes,https://lh3.googleusercontent.com/vHz9AXg1oN42VgSbRxrYeMR3PLFIudfjDphhOnecmC77BCX0ybCLocdPFhKlz-Vp_voV=s180,Navegador Dolphin üê¨,https://play.google.com/store/apps/details?id=mobi.mgeek.TunnyBrowser,"Avaliado com 4,5 de 5 estrelas",2 de julho de 2018
Social,241.405 avalia√ß√µes,https://lh3.googleusercontent.com/GpCtP8yE4KOqhH1y-wWQduaONSo2ACCgY87ar6hmcmJZSSY5goU3DVYMy6QcYYmVcNA=s180,Web Browser,https://play.google.com/store/apps/details?id=com.explore.web.browser,"Avaliado com 4,1 de 5 estrelas",9 de agosto de 2018
Comunica√ß√£o,547.749 avalia√ß√µes,https://lh3.googleusercontent.com/V--tlD-RV2UFoNKK1vVMdy2RNEcWhuROxkjEYUlqx-w1hVzpWAAtmCdcBIZJFo4yJw=s180,Puffin Web Browser,https://play.google.com/store/apps/details?id=com.cloudmosa.puffinFree,"Avaliado com 4,3 de 5 estrelas",19 de agosto de 2018
Comunica√ß√£o,194.451 avalia√ß√µes,https://lh3.googleusercontent.com/PNVOq4zXk65oGZpAPiHVbrwciO1N4uoovEcT58U8vS536KwWQ3Mxwnx9oB6PaaLdZg=s180,Navegador 4G - R√°pido F√°cil,https://play.google.com/store/apps/details?id=browser4g.fast.internetwebexplorer,"Avaliado com 4,3 de 5 estrelas",15 de agosto de 2018
Comunica√ß√£o,2.273.000 avalia√ß√µes,https://lh3.ggpht.com/PAGkrrp0ISxRO0ajsY0R6zHRUiVqWdc2SyjGZRJ-a_0YaHKXRjxadGnSQtNPJn4rVCo=s180,"CM Browser-Ad Blocker Download R√°pido, Privacidade",https://play.google.com/store/apps/details?id=com.ksmobile.cb,"Avaliado com 4,6 de 5 estrelas",31 de julho de 2018
Produtividade,147.099 avalia√ß√µes,https://lh3.googleusercontent.com/FC7Dzo4mSEqh2shKN-6_T0g9HrBNSsrRi-ZG_PLBmbpxXcRMz6d_ZPtRbSM7YLtmVZX-=s180,Root Browser: Gerenciador de arquivos,https://play.google.com/store/apps/details?id=com.jrummy.root.browserfree,"Avaliado com 4,0 de 5 estrelas",24 de janeiro de 2018
Comunica√ß√£o,3.688.241 avalia√ß√µes,https://lh3.googleusercontent.com/qpri6vFDaDrfTWLRzr6sucCewEv5qMmPRqsQk_LOv4igejyeKgXX033PniQVOPqrKvU=s180,UC Browser Mini - Navegador,https://play.google.com/store/apps/details?id=com.uc.browser.en,"Avaliado com 4,4 de 5 estrelas",24 de agosto de 2018
Comunica√ß√£o,5.216.072 avalia√ß√µes,https://lh3.googleusercontent.com/CrsX4NgCfgY1B8ry-cP0qdEgR7cB7717qmVajenGgWuh5t7jCg6cRQxLi1c73hj3iQ=s180,Navegador da Web Opera Mini,https://play.google.com/store/apps/details?id=com.opera.mini.native,"Avaliado com 4,5 de 5 estrelas",21 de agosto de 2018
Comunica√ß√£o,3.084.271 avalia√ß√µes,https://lh3.googleusercontent.com/shH5ALdqmZysSU2F5SF52674W7NFP1xtLBZMuzUR5u6Uotbgql3ATFFFhtkJjBCm4R3i=s180,Navegador Firefox,https://play.google.com/store/apps/details?id=org.mozilla.firefox,"Avaliado com 4,4 de 5 estrelas",9 de agosto de 2018
Comunica√ß√£o,2.490.719 avalia√ß√µes,https://lh3.googleusercontent.com/NZDbErMP8ZCNsYDkAUgbP9Dz2QWCk-Z7QPhED6upxKzlabrENJvOZPVnflqpEleuv-Q=s180,Navegador Opera: r√°pido e seguro,https://play.google.com/store/apps/details?id=com.opera.browser,"Avaliado com 4,4 de 5 estrelas",24 de agosto de 2018
Comunica√ß√£o,9.740.919 avalia√ß√µes,https://lh3.googleusercontent.com/nYhPnY2I-e9rpqnid9u9aAODz4C04OycEGxqHG5vxFnA35OGmLMrrUmhM9eaHKJ7liB-=s180,Google Chrome: r√°pido e seguro,https://play.google.com/store/apps/details?id=com.android.chrome,"Avaliado com 4,3 de 5 estrelas",8 de agosto de 2018
Comunica√ß√£o,17.889.017 avalia√ß√µes,https://lh3.googleusercontent.com/dH4iXrVFkT-6s62wew4Hg4E5K7S8eeJHs53L9UjPHFJmZULw51aaBUkUrm1LvQ79Lnk=s180,UC Browser - Navegador,https://play.google.com/store/apps/details?id=com.UCMobile.intl,"Avaliado com 4,5 de 5 estrelas",24 de agosto de 2018
Corporativo,4.126 avalia√ß√µes,https://lh3.ggpht.com/ETWGei9wrkkFyb2k2b7Sd7dM0fci97lDp6SjXfXLmLetOiP4cNwfy21QaHaQEud_YDk=s180,Atlas Web Browser,https://play.google.com/store/apps/details?id=nextapp.atlas,"Avaliado com 4,1 de 5 estrelas",2 de setembro de 2017
Livros e refer√™ncias,73.751 avalia√ß√µes,https://lh3.googleusercontent.com/Kp8xozsKkAJm1hxUhvYJx1froXJ2MmbFnlJelQ4vjCGoEsXJH8urth40WwrvQs7qH1b1=s180,EBook Reader & Livros Gr√°tis,https://play.google.com/store/apps/details?id=ebook.epub.download.reader,"Avaliado com 4,2 de 5 estrelas",11 de janeiro de 2018
Livros e refer√™ncias,27.238 avalia√ß√µes,https://lh3.ggpht.com/j9ZHzB5jYl-ctQRoCo7f7rGFCPksWIIkUbYMiraAhsDBR7WC4I9D5UYJgkyF81iMr4M=s180,Leitura Din√¢mica,https://play.google.com/store/apps/details?id=com.novellectual.speedreadingcoach,"Avaliado com 4,3 de 5 estrelas",11 de julho de 2015
Livros e refer√™ncias,26.873 avalia√ß√µes,https://lh3.ggpht.com/Ufl3zYT2bmhDbB9_hSGBJkJcvFyJ0G-acacGDJaMPhODb1fMynEGuNlaboTBeXwDGw=s180,FBReader PDF plugin,https://play.google.com/store/apps/details?id=org.geometerplus.fbreader.plugin.pdf,"Avaliado com 4,3 de 5 estrelas",25 de setembro de 2017
Livros e refer√™ncias,247.117 avalia√ß√µes,https://lh3.ggpht.com/snV5PnaEgdHAAU_zivxzxfRF92UxaqWtpIO11-pwnOO6YPUDpBBxqcQD4XMMqr2RBg=s180,Cool Reader,https://play.google.com/store/apps/details?id=org.coolreader,"Avaliado com 4,5 de 5 estrelas",17 de agosto de 2018
Livros e refer√™ncias,284.515 avalia√ß√µes,https://lh3.googleusercontent.com/T5xwhe4ugBT8c90MHBrmoHG0qJSOgPIFKDepFLy5eT3YkUGqkOXf91FCvDpnWC7WbA=s180,eReader Prestigio: Leitor,https://play.google.com/store/apps/details?id=com.prestigio.ereader,"Avaliado com 4,6 de 5 estrelas",22 de setembro de 2017
Livros e refer√™ncias,99.415 avalia√ß√µes,https://lh3.googleusercontent.com/12JmV_1tOyUphgB-iKqXWIdSwLlxoN3DiITFBBFL-Kapjr0QBcJ2JbF25Tjl27BLF1ZZ=s180,EBook Reader & PDF Reader,https://play.google.com/store/apps/details?id=books.ebook.pdf.reader,"Avaliado com 4,3 de 5 estrelas",28 de fevereiro de 2018
Livros e refer√™ncias,577.921 avalia√ß√µes,https://lh3.googleusercontent.com/7uRfJe2KkpKxZuMvY4OjhIq-TJrMeHgWYQt0H7LHZl4WNDAYjI6FFrLSsLhj2g8cqKr5=s180,Audiobooks from Audible,https://play.google.com/store/apps/details?id=com.audible.application,"Avaliado com 4,5 de 5 estrelas",14 de agosto de 2018
Not√≠cias e revistas,303.589 avalia√ß√µes,https://lh3.ggpht.com/NNS6OGOetsyYa0hhXTItJ7aCNljIKLD8uLibF5qdEBq_m7kHhK091KXZBVk7JzrfPw=s180,Feedly - Get Smarter,https://play.google.com/store/apps/details?id=com.devhd.feedly,"Avaliado com 4,5 de 5 estrelas",14 de setembro de 2017
Humor,45.888 avalia√ß√µes,https://lh3.ggpht.com/g2lwDNm9T8SWf5et2om6rZXOJ-hEXqWgeuDzm--8JsanHAozS64GQr6fjFrL4PknjA=s180,Comics,https://play.google.com/store/apps/details?id=com.iconology.comics,"Avaliado com 4,1 de 5 estrelas",24 de maio de 2018
Livros e refer√™ncias,40.786 avalia√ß√µes,https://lh3.googleusercontent.com/5pQjqpp-vbwmxi4mNUSPBLbAY2E_H0PZBiE-t9cczolrPXMZq8pRb4HnvXSpzjOM9g=s180,PocketBook reader,https://play.google.com/store/apps/details?id=com.obreey.reader,"Avaliado com 4,3 de 5 estrelas",4 de julho de 2018
Livros e refer√™ncias,203.692 avalia√ß√µes,https://lh3.googleusercontent.com/u1RmGUdYnCYM9my_nZbRjnTOzX8Vs0GHIIVlJIy29MN9Uv_jvCo4e7gwrz06Y7a50F4=s180,FBReader,https://play.google.com/store/apps/details?id=org.geometerplus.zlibrary.ui.android,"Avaliado com 4,5 de 5 estrelas",21 de agosto de 2018
Not√≠cias e revistas,256.773 avalia√ß√µes,https://lh3.googleusercontent.com/6X9Vjq1kCU2i1LEGe6z6t2gKXTDLoMpCPB9eZL-CDD-S8p4geamZroJpsBD6OnjkIzQ=s180,Pocket,https://play.google.com/store/apps/details?id=com.ideashower.readitlater.pro,"Avaliado com 4,5 de 5 estrelas",24 de julho de 2018
Livros e refer√™ncias,18.393 avalia√ß√µes,https://lh3.googleusercontent.com/_HNA81zs2mVtn_u8k55S_Dk4Kc-eNjuj1YiC4zLK7rjF1OtiaJzLfU7mFJGpYrgUbQ=s180,ePUB Leitor de Livros Skoob,https://play.google.com/store/apps/details?id=com.s2apps.reader,"Avaliado com 4,3 de 5 estrelas",28 de outubro de 2017
Livros e refer√™ncias,232.099 avalia√ß√µes,https://lh3.googleusercontent.com/WCJcZRuXCEpLOJsh5G-t_6zw3yrTIZUDPQWVqpd1V5anAyk02kF5xLPivBBMJ_t5tk0=s180,Ler livros digitais - Kobo Books,https://play.google.com/store/apps/details?id=com.kobobooks.android,"Avaliado com 4,2 de 5 estrelas",2 de agosto de 2018
Livros e refer√™ncias,85.964 avalia√ß√µes,https://lh3.googleusercontent.com/MqGHEdwFC6cT8WI1Mjm0M0D6lj67e1rC_pJtZaRUymzjlp9KDeJgBQGLxJcwwrrx8w=s180,Ebook Reader,https://play.google.com/store/apps/details?id=com.ebooks.ebookreader,"Avaliado com 4,1 de 5 estrelas",25 de junho de 2018
Livros e refer√™ncias,233.279 avalia√ß√µes,https://lh3.googleusercontent.com/8TQI5fgb04RvE1jhPzmRzGatgNLs_nQ0XsXGG9REDmb9L0MG-6ObSNRrytfcxBrhRmY=s180,UB Media365 Reader,https://play.google.com/store/apps/details?id=com.mobisystems.ubreader_west,"Avaliado com 4,4 de 5 estrelas",30 de julho de 2018
Not√≠cias e revistas,1.286.855 avalia√ß√µes,https://lh3.googleusercontent.com/Z5WroTW4KmTB3mvUhZMLwgFD2VymNypnEVVxoueXPPCKEFrnUAiZVl0684t1RFEOPqzB=s180,Flipboard,https://play.google.com/store/apps/details?id=flipboard.app,"Avaliado com 4,4 de 5 estrelas",17 de agosto de 2018
Livros e refer√™ncias,210.706 avalia√ß√µes,https://lh3.googleusercontent.com/bVG8fpwWkK9Or7ji54jvAY_RJhtkMoil1TZbFHoIc7ut5u8wuPwbNvhbif_dWTxbEOo=s180,Aldiko Book Reader,https://play.google.com/store/apps/details?id=com.aldiko.android,"Avaliado com 4,2 de 5 estrelas",13 de junho de 2018
Not√≠cias e revistas,74.503 avalia√ß√µes,https://lh3.googleusercontent.com/h7ir5EXfqKDJ72vG8tdrE6ysFJXLh8HzLq-zR0Fn92DqA1eemj73_g5j80UQwW2yBKk=s180,"issuu - Read Magazines, Catalogs, Newspapers.",https://play.google.com/store/apps/details?id=com.issuu.android.app,"Avaliado com 4,4 de 5 estrelas",24 de agosto de 2018
Not√≠cias e revistas,897.332 avalia√ß√µes,https://lh3.googleusercontent.com/RBB_lilvZBngYjPRNXqnh_F6GxHZvPWRPBHQd86AZppO3LDDK_eYgnC60K3BoyUAbSE=s180,Google Not√≠cias,https://play.google.com/store/apps/details?id=com.google.android.apps.magazines,"Avaliado com 4,0 de 5 estrelas",22 de agosto de 2018
Livros e refer√™ncias,234.169 avalia√ß√µes,https://lh3.googleusercontent.com/RP2gXNwZezyyxOQBYDe86j_cfvYPfyULfZfoANlLlQA4j3wgtzdmKVKOK-_Neh5NXsU=s180,"Moon+ Reader (8th anniversary, Pro 50% OFF)",https://play.google.com/store/apps/details?id=com.flyersoft.moonreader,"Avaliado com 4,4 de 5 estrelas",10 de agosto de 2018
Livros e refer√™ncias,435.983 avalia√ß√µes,https://lh3.googleusercontent.com/uEWuc_CHKJoxG7qH8rRDQ6MBcS8MlGirijkP0IfiOTEdx-7GRmh02iwH3vxytE6VcQ=s180,Scribd - Reading Subscription,https://play.google.com/store/apps/details?id=com.scribd.app.reader0,"Avaliado com 4,3 de 5 estrelas",17 de agosto de 2018
Livros e refer√™ncias,1.437.593 avalia√ß√µes,https://lh3.googleusercontent.com/_Jguoa9rZE6nbNBXhwaxag8YjQ0qRdAefChP8GMuFwRY1YabkJ9MrX3DiZXhsK09Pqxb=s180,Google Play Livros,https://play.google.com/store/apps/details?id=com.google.android.apps.books,"Avaliado com 3,9 de 5 estrelas",3 de agosto de 2018
Livros e refer√™ncias,818.685 avalia√ß√µes,https://lh3.googleusercontent.com/48wwD4kfFSStoxwuwCIu6RdM2IeZmZKfb1ZeQkga0qEf1JKsiD-hK3Qf8qvxHL09lQ=s180,Kindle,https://play.google.com/store/apps/details?id=com.amazon.kindle,"Avaliado com 4,2 de 5 estrelas",24 de agosto de 2018
